coachID,year,tmID,franchID,confID,won_coy,won_coach,lost_coach,win_percentage,total_games,stint,post_wins,post_losses,playoff_games,playoff_win_pct,made_playoffs,rank,confW,confL,conference_win_pct,homeW,homeL,home_win_pct,awayW,awayL,away_win_pct,home_advantage,o_pts,d_pts,point_differential,offensive_efficiency,defensive_efficiency,GP,attend,playoff,firstRound,semis,finals,prev_year_wins,prev_year_win_pct,win_improvement,win_pct_improvement,team_prev_wins,team_win_improvement
adamsmi01w,5,WAS,WAS,EA,0,17,17,0.5,34,0,1,2,3,0.3333333333333333,1,4,9,11,0.45,11,6,0.6470588235294118,6,11,0.35294117647058826,5,2325,2384,-59,68.38235294117646,70.11764705882354,34,214448,Y,L,,,,,,,9.0,8.0
adubari99w,1,NYL,NYL,EA,0,20,12,0.625,32,0,4,3,7,0.5714285714285714,1,1,14,7,0.6666666666666666,12,4,0.75,8,8,0.5,4,2148,2035,113,67.125,63.59375,32,231962,Y,W,W,L,,,,,,
adubari99w,2,NYL,NYL,EA,0,21,11,0.65625,32,0,3,3,6,0.5,1,2,13,8,0.6190476190476191,13,3,0.8125,8,8,0.5,5,2162,2082,80,67.5625,65.0625,32,250565,Y,W,L,,20.0,0.625,1.0,0.03125,20.0,1.0
adubari99w,3,NYL,NYL,EA,0,18,14,0.5625,32,0,4,4,8,0.5,1,1,11,10,0.5238095238095238,10,6,0.625,8,8,0.5,2,2089,2015,74,65.28125,62.96875,32,234717,Y,W,W,L,21.0,0.65625,-3.0,-0.09375,21.0,-3.0
adubari99w,4,NYL,NYL,EA,0,16,18,0.47058823529411764,34,0,0,0,0,0.0,0,6,11,13,0.4583333333333333,11,6,0.6470588235294118,5,12,0.29411764705882354,6,2243,2256,-13,65.97058823529412,66.3529411764706,34,212346,N,,,,18.0,0.5625,-2.0,-0.09191176470588236,18.0,-2.0
adubari99w,5,NYL,NYL,EA,0,7,9,0.4375,16,1,0,0,0,0.0,1,2,10,10,0.5,11,6,0.6470588235294118,7,10,0.4117647058823529,4,2252,2297,-45,66.23529411764706,67.55882352941177,34,168062,Y,W,L,,16.0,0.47058823529411764,-9.0,-0.03308823529411764,16.0,-9.0
adubari99w,6,WAS,WAS,EA,0,16,18,0.47058823529411764,34,0,0,0,0,0.0,0,5,9,11,0.45,10,7,0.5882352941176471,6,11,0.35294117647058826,4,2263,2305,-42,66.55882352941177,67.79411764705883,34,171501,N,,,,,,,,17.0,-1.0
adubari99w,7,WAS,WAS,EA,0,18,16,0.5294117647058824,34,0,0,2,2,0.0,1,4,12,8,0.6,13,4,0.7647058823529411,5,12,0.29411764705882354,8,2747,2657,90,80.79411764705883,78.1470588235294,34,133255,Y,L,,,16.0,0.47058823529411764,2.0,0.05882352941176472,16.0,2.0
adubari99w,8,WAS,WAS,EA,0,0,4,0.0,4,1,0,0,0,0.0,0,5,8,12,0.4,8,9,0.47058823529411764,8,9,0.47058823529411764,0,2585,2639,-54,76.02941176470588,77.61764705882354,34,133255,N,,,,18.0,0.5294117647058824,-18.0,-0.5294117647058824,18.0,-18.0
aglerbr99w,1,MIN,MIN,WE,0,15,17,0.46875,32,0,0,0,0,0.0,0,6,5,16,0.23809523809523808,8,8,0.5,7,9,0.4375,1,2193,2188,5,68.53125,68.375,32,116638,N,,,,,,,,,
aglerbr99w,2,MIN,MIN,WE,0,12,20,0.375,32,0,0,0,0,0.0,0,6,9,12,0.42857142857142855,6,10,0.375,6,10,0.375,0,2077,2156,-79,64.90625,67.375,32,120607,N,,,,15.0,0.46875,-3.0,-0.09375,15.0,-3.0
aglerbr99w,3,MIN,MIN,WE,0,6,13,0.3157894736842105,19,1,0,0,0,0.0,0,8,6,15,0.2857142857142857,7,9,0.4375,3,13,0.1875,4,2003,2104,-101,62.59375,65.75,32,139874,N,,,,12.0,0.375,-6.0,-0.05921052631578949,12.0,-6.0
aglerbr99w,9,SEA,SEA,WE,0,22,12,0.6470588235294118,34,0,1,2,3,0.3333333333333333,1,2,13,7,0.65,16,1,0.9411764705882353,6,11,0.35294117647058826,10,2493,2406,87,73.32352941176471,70.76470588235294,34,140503,Y,L,,,,,,,17.0,5.0
aglerbr99w,10,SEA,SEA,WE,0,20,14,0.5882352941176471,34,0,1,2,3,0.3333333333333333,1,2,13,7,0.65,13,4,0.7647058823529411,7,10,0.4117647058823529,6,2544,2476,68,74.82352941176471,72.82352941176471,34,133858,Y,L,,,22.0,0.6470588235294118,-2.0,-0.05882352941176472,22.0,-2.0
allenso99w,1,SAC,SAC,WE,0,21,11,0.65625,32,0,0,2,2,0.0,1,3,13,8,0.6190476190476191,13,3,0.8125,8,8,0.5,5,2343,2176,167,73.21875,68.0,32,126841,Y,L,,,,,,,,
allenso99w,2,SAC,SAC,WE,0,6,6,0.5,12,1,0,0,0,0.0,1,2,13,8,0.6190476190476191,12,4,0.75,8,8,0.5,4,2294,2139,155,71.6875,66.84375,32,133603,Y,W,L,,21.0,0.65625,-15.0,-0.15625,21.0,-15.0
bibbyhe01w,6,LAS,LAS,WE,0,13,15,0.4642857142857143,28,1,0,0,0,0.0,1,4,12,10,0.5454545454545454,11,6,0.6470588235294118,6,11,0.35294117647058826,5,2326,2345,-19,68.41176470588235,68.97058823529412,34,150521,Y,L,,,,,,,25.0,-12.0
boguemu01w,6,CHA,CHA,EA,0,3,7,0.3,10,2,0,0,0,0.0,0,6,4,16,0.2,5,12,0.29411764705882354,1,16,0.058823529411764705,4,2095,2335,-240,61.61764705882353,68.67647058823529,34,98054,N,,,,,,,,16.0,-13.0
boguemu01w,7,CHA,CHA,EA,0,11,23,0.3235294117647059,34,0,0,0,0,0.0,0,6,6,14,0.3,7,10,0.4117647058823529,4,13,0.23529411764705882,3,2456,2571,-115,72.23529411764706,75.61764705882354,34,106942,N,,,,3.0,0.3,8.0,0.02352941176470591,6.0,5.0
bouceje01w,8,SAC,SAC,WE,0,19,15,0.5588235294117647,34,0,1,2,3,0.3333333333333333,1,3,12,10,0.5454545454545454,12,5,0.7058823529411765,7,10,0.4117647058823529,5,2527,2480,47,74.32352941176471,72.94117647058823,34,142575,Y,L,,,,,,,21.0,-2.0
bouceje01w,9,SAC,SAC,WE,0,18,16,0.5294117647058824,34,0,1,2,3,0.3333333333333333,1,4,9,11,0.45,13,4,0.7647058823529411,5,12,0.29411764705882354,8,2545,2571,-26,74.8529411764706,75.61764705882354,34,139066,Y,L,,,19.0,0.5588235294117647,-1.0,-0.02941176470588236,19.0,-1.0
bouceje01w,10,SAC,SAC,WE,0,3,10,0.23076923076923078,13,1,0,0,0,0.0,0,6,6,14,0.3,7,10,0.4117647058823529,5,12,0.29411764705882354,2,2610,2690,-80,76.76470588235294,79.11764705882354,34,131654,N,,,,18.0,0.5294117647058824,-15.0,-0.2986425339366516,18.0,-15.0
brownde01w,3,ORL,CON,EA,0,16,16,0.5,32,0,0,0,0,0.0,0,5,13,8,0.6190476190476191,10,6,0.625,6,10,0.375,4,2254,2255,-1,70.4375,70.46875,32,113837,N,,,,,,,,13.0,3.0
brownde01w,5,SAS,SAS,WE,0,6,20,0.23076923076923078,26,2,0,0,0,0.0,0,7,6,16,0.2727272727272727,6,11,0.35294117647058826,3,14,0.17647058823529413,3,2191,2364,-173,64.44117647058823,69.52941176470588,34,142717,N,,,,,,,,12.0,-6.0
bryanjo01w,6,LAS,LAS,WE,0,4,2,0.6666666666666666,6,2,0,2,2,0.0,1,4,12,10,0.5454545454545454,11,6,0.6470588235294118,6,11,0.35294117647058826,5,2326,2345,-19,68.41176470588235,68.97058823529412,34,150521,Y,L,,,,,,,25.0,-21.0
bryanjo01w,7,LAS,LAS,WE,0,25,9,0.7352941176470589,34,0,2,3,5,0.4,1,1,15,5,0.75,15,2,0.8823529411764706,10,7,0.5882352941176471,5,2575,2476,99,75.73529411764706,72.82352941176471,34,141282,Y,W,L,,4.0,0.6666666666666666,21.0,0.06862745098039225,17.0,8.0
chancva99w,1,HOU,HOU,WE,0,27,5,0.84375,32,0,6,0,6,1.0,1,2,17,4,0.8095238095238095,14,2,0.875,13,3,0.8125,1,2475,2066,409,77.34375,64.5625,32,196077,Y,W,W,W,,,,,,
chancva99w,2,HOU,HOU,WE,0,19,13,0.59375,32,0,0,2,2,0.0,1,4,13,8,0.6190476190476191,11,5,0.6875,8,8,0.5,3,2047,1994,53,63.96875,62.3125,32,181115,Y,L,,,27.0,0.84375,-8.0,-0.25,27.0,-8.0
chancva99w,3,HOU,HOU,WE,0,24,8,0.75,32,0,1,2,3,0.3333333333333333,1,2,16,5,0.7619047619047619,14,2,0.875,10,6,0.625,4,2072,1892,180,64.75,59.125,32,188648,Y,L,,,19.0,0.59375,5.0,0.15625,19.0,5.0
chancva99w,4,HOU,HOU,WE,0,20,14,0.5882352941176471,34,0,1,2,3,0.3333333333333333,1,2,14,10,0.5833333333333334,14,3,0.8235294117647058,6,11,0.35294117647058826,8,2244,2142,102,66.0,63.0,34,150203,Y,L,,,24.0,0.75,-4.0,-0.16176470588235292,24.0,-4.0
chancva99w,5,HOU,HOU,WE,0,13,21,0.38235294117647056,34,0,0,0,0,0.0,0,6,7,15,0.3181818181818182,9,8,0.5294117647058824,4,13,0.23529411764705882,5,2177,2211,-34,64.02941176470588,65.02941176470588,34,137455,N,,,,20.0,0.5882352941176471,-7.0,-0.20588235294117652,20.0,-7.0
chancva99w,6,HOU,HOU,WE,0,19,15,0.5588235294117647,34,0,2,3,5,0.4,1,3,11,11,0.5,11,6,0.6470588235294118,8,9,0.47058823529411764,3,2309,2263,46,67.91176470588235,66.55882352941177,34,120676,Y,W,L,,13.0,0.38235294117647056,6.0,0.17647058823529416,13.0,6.0
chancva99w,7,HOU,HOU,WE,0,18,16,0.5294117647058824,34,0,0,2,2,0.0,1,3,11,9,0.55,12,5,0.7058823529411765,6,11,0.35294117647058826,6,2507,2449,58,73.73529411764706,72.02941176470588,34,130586,Y,L,,,19.0,0.5588235294117647,-1.0,-0.02941176470588236,19.0,-1.0
coopecy01w,2,PHO,PHO,WE,0,13,19,0.40625,32,0,0,0,0,0.0,0,5,8,13,0.38095238095238093,10,6,0.625,3,13,0.1875,7,2064,2169,-105,64.5,67.78125,32,136979,N,,,,,,,,20.0,-7.0
coopecy01w,3,PHO,PHO,WE,0,6,4,0.6,10,1,0,0,0,0.0,0,7,7,14,0.3333333333333333,10,6,0.625,1,15,0.0625,9,2091,2291,-200,65.34375,71.59375,32,139798,N,,,,13.0,0.40625,-7.0,0.19374999999999998,13.0,-7.0
coopemi01w,1,LAS,LAS,WE,1,28,4,0.875,32,0,2,2,4,0.5,1,1,17,4,0.8095238095238095,15,1,0.9375,13,3,0.8125,2,2417,2169,248,75.53125,67.78125,32,105005,Y,W,L,,,,,,,
coopemi01w,2,LAS,LAS,WE,0,28,4,0.875,32,0,6,1,7,0.8571428571428571,1,1,19,2,0.9047619047619048,16,0,1.0,12,4,0.75,4,2441,2166,275,76.28125,67.6875,32,148446,Y,W,W,W,28.0,0.875,0.0,0.0,28.0,0.0
coopemi01w,3,LAS,LAS,WE,0,25,7,0.78125,32,0,6,0,6,1.0,1,1,17,4,0.8095238095238095,12,4,0.75,13,3,0.8125,-1,2452,2235,217,76.625,69.84375,32,186410,Y,W,W,W,28.0,0.875,-3.0,-0.09375,28.0,-3.0
coopemi01w,4,LAS,LAS,WE,0,24,10,0.7058823529411765,34,0,5,4,9,0.5555555555555556,1,1,17,7,0.7083333333333334,11,6,0.6470588235294118,13,4,0.7647058823529411,-2,2499,2432,67,73.5,71.52941176470588,34,157934,Y,W,W,L,25.0,0.78125,-1.0,-0.07536764705882348,25.0,-1.0
coopemi01w,5,LAS,LAS,WE,0,14,6,0.7,20,1,0,0,0,0.0,1,1,16,6,0.7272727272727273,15,2,0.8823529411764706,10,7,0.5882352941176471,5,2495,2361,134,73.38235294117646,69.44117647058823,34,177269,Y,L,,,24.0,0.7058823529411765,-10.0,-0.005882352941176561,24.0,-10.0
coopemi01w,8,LAS,LAS,WE,0,10,24,0.29411764705882354,34,0,0,0,0,0.0,0,7,6,16,0.2727272727272727,5,12,0.29411764705882354,5,12,0.29411764705882354,0,2533,2708,-175,74.5,79.6470588235294,34,147810,N,,,,14.0,0.7,-4.0,-0.4058823529411764,25.0,-15.0
coopemi01w,9,LAS,LAS,WE,0,20,14,0.5882352941176471,34,0,3,3,6,0.5,1,3,12,8,0.6,12,5,0.7058823529411765,8,9,0.47058823529411764,4,2598,2523,75,76.41176470588235,74.20588235294117,34,161639,Y,W,L,,10.0,0.29411764705882354,10.0,0.29411764705882354,10.0,10.0
coopemi01w,10,LAS,LAS,WE,0,18,16,0.5294117647058824,34,0,3,3,6,0.5,1,3,11,9,0.55,11,6,0.6470588235294118,7,10,0.4117647058823529,4,2533,2498,35,74.5,73.47058823529412,34,176587,Y,W,L,,20.0,0.5882352941176471,-2.0,-0.05882352941176472,20.0,-2.0
cowenda01w,7,CHI,CHI,EA,0,5,29,0.14705882352941177,34,0,0,0,0,0.0,0,7,4,16,0.2,3,14,0.17647058823529413,2,15,0.11764705882352941,1,2322,2687,-365,68.29411764705883,79.02941176470588,34,57635,N,,,,,,,,,
coylepa99w,5,NYL,NYL,EA,0,11,7,0.6111111111111112,18,2,2,3,5,0.4,1,2,10,10,0.5,11,6,0.6470588235294118,7,10,0.4117647058823529,4,2252,2297,-45,66.23529411764706,67.55882352941177,34,168062,Y,W,L,,,,,,16.0,-5.0
coylepa99w,6,NYL,NYL,EA,0,18,16,0.5294117647058824,34,0,0,2,2,0.0,1,3,9,11,0.45,10,7,0.5882352941176471,8,9,0.47058823529411764,2,2316,2285,31,68.11764705882354,67.20588235294117,34,172381,Y,L,,,11.0,0.6111111111111112,7.0,-0.0816993464052288,18.0,0.0
coylepa99w,7,NYL,NYL,EA,0,11,23,0.3235294117647059,34,0,0,0,0,0.0,0,5,7,13,0.35,7,10,0.4117647058823529,4,13,0.23529411764705882,3,2372,2656,-284,69.76470588235294,78.11764705882354,34,155048,N,,,,18.0,0.5294117647058824,-7.0,-0.20588235294117646,18.0,-7.0
coylepa99w,8,NYL,NYL,EA,0,16,18,0.47058823529411764,34,0,1,2,3,0.3333333333333333,1,4,10,10,0.5,10,7,0.5882352941176471,6,11,0.35294117647058826,4,2413,2501,-88,70.97058823529412,73.55882352941177,34,147866,Y,L,,,11.0,0.3235294117647059,5.0,0.14705882352941174,11.0,5.0
coylepa99w,9,NYL,NYL,EA,0,19,15,0.5588235294117647,34,0,3,3,6,0.5,1,3,11,9,0.55,11,6,0.6470588235294118,8,9,0.47058823529411764,3,2573,2538,35,75.67647058823529,74.6470588235294,34,153772,Y,W,L,,16.0,0.47058823529411764,3.0,0.08823529411764708,16.0,3.0
coylepa99w,10,NYL,NYL,EA,0,6,11,0.35294117647058826,17,1,0,0,0,0.0,0,7,9,13,0.4090909090909091,8,9,0.47058823529411764,5,12,0.29411764705882354,3,2512,2535,-23,73.88235294117646,74.55882352941177,34,166604,N,,,,19.0,0.5588235294117647,-13.0,-0.20588235294117646,19.0,-13.0
dailesh99w,4,SAS,SAS,WE,0,6,6,0.5,12,2,0,0,0,0.0,0,6,10,14,0.4166666666666667,9,8,0.5294117647058824,3,14,0.17647058823529413,6,2215,2427,-212,65.1470588235294,71.38235294117646,34,176526,N,,,,,,,,,
dailesh99w,5,SAS,SAS,WE,0,3,5,0.375,8,1,0,0,0,0.0,0,7,6,16,0.2727272727272727,6,11,0.35294117647058826,3,14,0.17647058823529413,3,2191,2364,-173,64.44117647058823,69.52941176470588,34,142717,N,,,,6.0,0.5,-3.0,-0.125,12.0,-9.0
darscna99w,1,WAS,WAS,EA,0,9,11,0.45,20,1,0,0,0,0.0,1,4,13,8,0.6190476190476191,7,9,0.4375,7,9,0.4375,0,2176,2221,-45,68.0,69.40625,32,244134,Y,L,,,,,,,,
donovan99w,2,CHA,CHA,EA,0,18,14,0.5625,32,0,4,4,8,0.5,1,4,15,6,0.7142857142857143,11,5,0.6875,7,9,0.4375,4,2055,2009,46,64.21875,62.78125,32,105525,Y,W,W,L,,,,,8.0,10.0
donovan99w,3,CHA,CHA,EA,0,18,14,0.5625,32,0,0,2,2,0.0,1,2,12,9,0.5714285714285714,11,5,0.6875,7,9,0.4375,4,2241,2133,108,70.03125,66.65625,32,106670,Y,L,,,18.0,0.5625,0.0,0.0,18.0,0.0
donovan99w,1,IND,IND,EA,0,9,23,0.28125,32,0,0,0,0,0.0,0,7,7,14,0.3333333333333333,5,11,0.3125,4,12,0.25,1,2213,2290,-77,69.15625,71.5625,32,180270,N,,,,,,,,,
donovan99w,10,NYL,NYL,EA,0,7,10,0.4117647058823529,17,2,0,0,0,0.0,0,7,9,13,0.4090909090909091,8,9,0.47058823529411764,5,12,0.29411764705882354,3,2512,2535,-23,73.88235294117646,74.55882352941177,34,166604,N,,,,,,,,19.0,-12.0
donovan99w,4,SEA,SEA,WE,0,18,16,0.5294117647058824,34,0,0,0,0,0.0,0,5,11,13,0.4583333333333333,13,4,0.7647058823529411,5,12,0.29411764705882354,8,2388,2274,114,70.23529411764706,66.88235294117646,34,120857,N,,,,,,,,17.0,1.0
donovan99w,5,SEA,SEA,WE,0,20,14,0.5882352941176471,34,0,6,2,8,0.75,1,2,13,9,0.5909090909090909,13,4,0.7647058823529411,7,10,0.4117647058823529,6,2437,2264,173,71.67647058823529,66.58823529411765,34,134291,Y,W,W,W,18.0,0.5294117647058824,2.0,0.05882352941176472,18.0,2.0
donovan99w,6,SEA,SEA,WE,0,20,14,0.5882352941176471,34,0,1,2,3,0.3333333333333333,1,2,13,9,0.5909090909090909,14,3,0.8235294117647058,6,11,0.35294117647058826,8,2498,2407,91,73.47058823529412,70.79411764705883,34,151150,Y,L,,,20.0,0.5882352941176471,0.0,0.0,20.0,0.0
donovan99w,7,SEA,SEA,WE,0,18,16,0.5294117647058824,34,0,1,2,3,0.3333333333333333,1,4,10,10,0.5,9,8,0.5294117647058824,9,8,0.5294117647058824,0,2644,2575,69,77.76470588235294,75.73529411764706,34,145664,Y,L,,,20.0,0.5882352941176471,-2.0,-0.05882352941176472,20.0,-2.0
donovan99w,8,SEA,SEA,WE,0,17,17,0.5,34,0,0,2,2,0.0,1,4,11,11,0.5,12,5,0.7058823529411765,5,12,0.29411764705882354,7,2734,2647,87,80.41176470588235,77.8529411764706,34,135553,Y,L,,,18.0,0.5294117647058824,-1.0,-0.02941176470588236,18.0,-1.0
dunnli99wc,9,IND,IND,EA,0,17,17,0.5,34,0,1,2,3,0.3333333333333333,1,4,12,8,0.6,11,6,0.6470588235294118,6,11,0.35294117647058826,5,2473,2457,16,72.73529411764706,72.26470588235294,34,130941,Y,L,,,,,,,21.0,-4.0
dunnli99wc,10,IND,IND,EA,0,22,12,0.6470588235294118,34,0,6,4,10,0.6,1,1,17,5,0.7727272727272727,14,3,0.8235294117647058,8,9,0.47058823529411764,6,2606,2501,105,76.6470588235294,73.55882352941177,34,134964,Y,W,W,L,17.0,0.5,5.0,0.1470588235294118,17.0,5.0
dunnli99wc,1,SEA,SEA,WE,0,6,26,0.1875,32,0,0,0,0,0.0,0,8,4,17,0.19047619047619047,4,12,0.25,2,14,0.125,2,1822,2171,-349,56.9375,67.84375,32,142594,N,,,,,,,,,
dunnli99wc,2,SEA,SEA,WE,0,10,22,0.3125,32,0,0,0,0,0.0,0,8,6,15,0.2857142857142857,5,11,0.3125,5,11,0.3125,0,1921,2048,-127,60.03125,64.0,32,95257,N,,,,6.0,0.1875,4.0,0.125,6.0,4.0
dunnli99wc,3,SEA,SEA,WE,0,17,15,0.53125,32,0,0,2,2,0.0,1,4,10,11,0.47619047619047616,10,6,0.625,7,9,0.4375,3,2188,2103,85,68.375,65.71875,32,111774,Y,L,,,10.0,0.3125,7.0,0.21875,10.0,7.0
dunntr01wc,1,CHA,CHA,EA,0,8,24,0.25,32,0,0,0,0,0.0,0,8,5,16,0.23809523809523808,5,11,0.3125,3,13,0.1875,2,2186,2429,-243,68.3125,75.90625,32,90963,N,,,,,,,,,
fortnne99w,2,IND,IND,EA,0,10,22,0.3125,32,0,0,0,0,0.0,0,6,7,14,0.3333333333333333,7,9,0.4375,3,13,0.1875,4,2153,2249,-96,67.28125,70.28125,32,138922,N,,,,,,,,9.0,1.0
fortnne99w,3,IND,IND,EA,0,16,16,0.5,32,0,1,2,3,0.3333333333333333,1,4,12,9,0.5714285714285714,10,6,0.625,6,10,0.375,4,2097,2129,-32,65.53125,66.53125,32,134945,Y,L,,,10.0,0.3125,6.0,0.1875,10.0,6.0
fortnne99w,4,IND,IND,EA,0,16,18,0.47058823529411764,34,0,0,0,0,0.0,0,5,12,12,0.5,11,6,0.6470588235294118,5,12,0.29411764705882354,6,2337,2321,16,68.73529411764706,68.26470588235294,34,141778,N,,,,16.0,0.5,0.0,-0.02941176470588236,16.0,0.0
gaineco01w,9,PHO,PHO,WE,0,16,18,0.47058823529411764,34,0,0,0,0,0.0,0,6,8,12,0.4,10,7,0.5882352941176471,6,11,0.35294117647058826,4,3010,3009,1,88.52941176470588,88.5,34,144867,N,,,,,,,,23.0,-7.0
gaineco01w,10,PHO,PHO,WE,0,23,11,0.6764705882352942,34,0,7,4,11,0.6363636363636364,1,1,13,7,0.65,12,5,0.7058823529411765,11,6,0.6470588235294118,1,3156,3031,125,92.82352941176471,89.1470588235294,34,144884,Y,W,W,W,16.0,0.47058823529411764,7.0,0.20588235294117652,16.0,7.0
gilloje01w,10,MIN,MIN,WE,0,14,20,0.4117647058823529,34,0,0,0,0,0.0,0,5,7,13,0.35,9,8,0.5294117647058824,5,12,0.29411764705882354,4,2731,2827,-96,80.32352941176471,83.1470588235294,34,128127,N,,,,,,,,16.0,-2.0
grafca99wc,5,PHO,PHO,WE,0,17,17,0.5,34,0,0,0,0,0.0,0,5,11,11,0.5,10,7,0.5882352941176471,7,10,0.4117647058823529,3,2300,2235,65,67.6470588235294,65.73529411764706,34,136295,N,,,,,,,,8.0,9.0
grafca99wc,6,PHO,PHO,WE,0,16,18,0.47058823529411764,34,0,0,0,0,0.0,0,5,12,10,0.5454545454545454,11,6,0.6470588235294118,5,12,0.29411764705882354,6,2361,2354,7,69.44117647058823,69.23529411764706,34,124146,N,,,,17.0,0.5,-1.0,-0.02941176470588236,17.0,-1.0
hargrli99w,1,POR,POR,WE,0,10,22,0.3125,32,0,0,0,0,0.0,0,7,4,17,0.19047619047619047,6,10,0.375,4,12,0.25,2,2155,2303,-148,67.34375,71.96875,32,133076,N,,,,,,,,,
hargrli99w,2,POR,POR,WE,0,11,21,0.34375,32,0,0,0,0,0.0,0,7,5,16,0.23809523809523808,6,10,0.375,5,11,0.3125,1,2088,2202,-114,65.25,68.8125,32,137656,N,,,,10.0,0.3125,1.0,0.03125,10.0,1.0
hargrli99w,3,POR,POR,WE,0,16,16,0.5,32,0,0,0,0,0.0,0,5,8,13,0.38095238095238093,9,7,0.5625,7,9,0.4375,2,2195,2227,-32,68.59375,69.59375,32,128656,N,,,,11.0,0.34375,5.0,0.15625,11.0,5.0
harveca99w,4,SAS,SAS,WE,0,6,16,0.2727272727272727,22,1,0,0,0,0.0,0,6,10,14,0.4166666666666667,9,8,0.5294117647058824,3,14,0.17647058823529413,6,2215,2427,-212,65.1470588235294,71.38235294117646,34,176526,N,,,,,,,,,
harveca99w,2,UTA,SAS,WE,0,14,5,0.7368421052631579,19,2,0,2,2,0.0,1,3,11,10,0.5238095238095238,9,7,0.5625,10,6,0.625,-1,2207,2192,15,68.96875,68.5,32,110507,Y,L,,,,,,,18.0,-4.0
harveca99w,3,UTA,SAS,WE,0,20,12,0.625,32,0,2,3,5,0.4,1,3,12,9,0.5714285714285714,12,4,0.75,8,8,0.5,4,2418,2344,74,75.5625,73.25,32,118720,Y,W,,,14.0,0.7368421052631579,6.0,-0.11184210526315785,19.0,1.0
hugheda99w,1,CLE,CLE,EA,0,17,15,0.53125,32,0,3,3,6,0.5,1,2,13,8,0.6190476190476191,13,3,0.8125,4,12,0.25,9,2185,2122,63,68.28125,66.3125,32,137532,Y,W,L,,,,,,,
hugheda99w,2,CLE,CLE,EA,1,22,10,0.6875,32,0,1,2,3,0.3333333333333333,1,1,15,6,0.7142857142857143,14,2,0.875,8,8,0.5,6,2004,1788,216,62.625,55.875,32,147373,Y,L,,,17.0,0.53125,5.0,0.15625,17.0,5.0
hugheda99w,3,CLE,CLE,EA,0,10,22,0.3125,32,0,0,0,0,0.0,0,7,7,14,0.3333333333333333,4,12,0.25,6,10,0.375,-2,2071,2140,-69,64.71875,66.875,32,149084,N,,,,22.0,0.6875,-12.0,-0.375,22.0,-12.0
hugheda99w,4,CLE,CLE,EA,0,17,17,0.5,34,0,1,2,3,0.3333333333333333,1,4,13,11,0.5416666666666666,11,6,0.6470588235294118,6,11,0.35294117647058826,5,2229,2210,19,65.55882352941177,65.0,34,125793,Y,L,,,10.0,0.3125,7.0,0.1875,10.0,7.0
hugheda99w,6,SAS,SAS,WE,0,7,27,0.20588235294117646,34,0,0,0,0,0.0,0,7,3,19,0.13636363636363635,5,12,0.29411764705882354,2,15,0.11764705882352941,3,2141,2401,-260,62.970588235294116,70.61764705882354,34,135054,N,,,,,,,,9.0,-2.0
hugheda99w,7,SAS,SAS,WE,0,13,21,0.38235294117647056,34,0,0,0,0,0.0,0,6,10,10,0.5,6,11,0.35294117647058826,7,10,0.4117647058823529,-1,2523,2603,-80,74.20588235294117,76.55882352941177,34,125749,N,,,,7.0,0.20588235294117646,6.0,0.1764705882352941,7.0,6.0
hugheda99w,8,SAS,SAS,WE,1,20,14,0.5882352941176471,34,0,2,3,5,0.4,1,2,13,9,0.5909090909090909,9,8,0.5294117647058824,11,6,0.6470588235294118,-2,2517,2484,33,74.02941176470588,73.05882352941177,34,128680,Y,W,L,,13.0,0.38235294117647056,7.0,0.20588235294117652,13.0,7.0
hugheda99w,9,SAS,SAS,WE,0,24,10,0.7058823529411765,34,0,4,5,9,0.4444444444444444,1,1,10,10,0.5,15,2,0.8823529411764706,9,8,0.5294117647058824,6,2546,2418,128,74.88235294117646,71.11764705882354,34,135722,Y,W,W,L,20.0,0.5882352941176471,4.0,0.11764705882352944,20.0,4.0
hugheda99w,10,SAS,SAS,WE,0,15,19,0.4411764705882353,34,0,1,2,3,0.3333333333333333,1,4,10,10,0.5,10,7,0.5882352941176471,5,12,0.29411764705882354,5,2615,2661,-46,76.91176470588235,78.26470588235294,34,127957,Y,L,,,24.0,0.7058823529411765,-9.0,-0.26470588235294124,24.0,-9.0
jenkica99w,7,MIN,MIN,WE,0,1,10,0.09090909090909091,11,2,0,0,0,0.0,0,7,6,14,0.3,8,9,0.47058823529411764,2,15,0.11764705882352941,6,2523,2735,-212,74.20588235294117,80.44117647058823,34,109522,N,,,,,,,,14.0,-13.0
kenlaje99w,9,WAS,WAS,EA,0,2,10,0.16666666666666666,12,2,0,0,0,0.0,0,6,6,14,0.3,6,11,0.35294117647058826,4,13,0.23529411764705882,2,2368,2601,-233,69.6470588235294,76.5,34,154637,N,,,,,,,,16.0,-14.0
keyst99wc,9,CHI,CHI,EA,0,12,22,0.35294117647058826,34,0,0,0,0,0.0,0,5,10,10,0.5,8,9,0.47058823529411764,4,13,0.23529411764705882,4,2472,2510,-38,72.70588235294117,73.82352941176471,34,62146,N,,,,,,,,14.0,-2.0
keyst99wc,10,CHI,CHI,EA,0,16,18,0.47058823529411764,34,0,0,0,0,0.0,0,5,10,12,0.45454545454545453,12,5,0.7058823529411765,4,13,0.23529411764705882,8,2573,2693,-120,75.67647058823529,79.20588235294117,34,66852,N,,,,12.0,0.35294117647058826,4.0,0.11764705882352938,12.0,4.0
laceytr99w,4,CHA,CHA,EA,0,18,16,0.5294117647058824,34,0,0,2,2,0.0,1,2,12,12,0.5,13,4,0.7647058823529411,5,12,0.29411764705882354,8,2217,2195,22,65.20588235294117,64.55882352941177,34,120061,Y,L,,,,,,,18.0,0.0
laceytr99w,5,CHA,CHA,EA,0,16,18,0.47058823529411764,34,0,0,0,0,0.0,0,5,8,12,0.4,10,7,0.5882352941176471,6,11,0.35294117647058826,4,2092,2168,-76,61.529411764705884,63.76470588235294,34,116383,N,,,,18.0,0.5294117647058824,-2.0,-0.05882352941176472,18.0,-2.0
laceytr99w,6,CHA,CHA,EA,0,3,21,0.125,24,1,0,0,0,0.0,0,6,4,16,0.2,5,12,0.29411764705882354,1,16,0.058823529411764705,4,2095,2335,-240,61.61764705882353,68.67647058823529,34,98054,N,,,,16.0,0.47058823529411764,-13.0,-0.34558823529411764,16.0,-13.0
laimbbi01w,3,DET,DET,EA,0,9,13,0.4090909090909091,22,2,0,0,0,0.0,0,8,6,15,0.2857142857142857,7,9,0.4375,2,14,0.125,5,2114,2266,-152,66.0625,70.8125,32,94171,N,,,,,,,,10.0,-1.0
laimbbi01w,4,DET,DET,EA,1,25,9,0.7352941176470589,34,0,6,2,8,0.75,1,1,18,6,0.75,13,4,0.7647058823529411,12,5,0.7058823529411765,1,2553,2395,158,75.08823529411765,70.44117647058823,34,133647,Y,W,W,W,9.0,0.4090909090909091,16.0,0.32620320855614976,9.0,16.0
laimbbi01w,5,DET,DET,EA,0,17,17,0.5,34,0,1,2,3,0.3333333333333333,1,3,11,9,0.55,8,9,0.47058823529411764,9,8,0.5294117647058824,-1,2366,2381,-15,69.58823529411765,70.02941176470588,34,160860,Y,L,,,25.0,0.7352941176470589,-8.0,-0.23529411764705888,25.0,-8.0
laimbbi01w,6,DET,DET,EA,0,16,18,0.47058823529411764,34,0,0,2,2,0.0,1,4,11,9,0.55,12,5,0.7058823529411765,4,13,0.23529411764705882,8,2247,2287,-40,66.08823529411765,67.26470588235294,34,159356,Y,L,,,17.0,0.5,-1.0,-0.02941176470588236,17.0,-1.0
laimbbi01w,7,DET,DET,EA,0,23,11,0.6764705882352942,34,0,7,3,10,0.7,1,2,14,6,0.7,14,3,0.8235294117647058,9,8,0.5294117647058824,5,2527,2384,143,74.32352941176471,70.11764705882354,34,159453,Y,W,W,W,16.0,0.47058823529411764,7.0,0.20588235294117652,16.0,7.0
laimbbi01w,8,DET,DET,EA,0,24,10,0.7058823529411765,34,0,6,5,11,0.5454545454545454,1,1,14,6,0.7,12,5,0.7058823529411765,12,5,0.7058823529411765,0,2697,2540,157,79.32352941176471,74.70588235294117,34,165738,Y,W,W,L,23.0,0.6764705882352942,1.0,0.02941176470588236,23.0,1.0
laimbbi01w,9,DET,DET,EA,0,22,12,0.6470588235294118,34,0,7,2,9,0.7777777777777778,1,1,16,4,0.8,14,3,0.8235294117647058,8,9,0.47058823529411764,6,2672,2522,150,78.58823529411765,74.17647058823529,34,162669,Y,W,W,W,24.0,0.7058823529411765,-2.0,-0.05882352941176472,24.0,-2.0
laimbbi01w,10,DET,DET,EA,0,1,2,0.3333333333333333,3,1,0,0,0,0.0,1,3,11,11,0.5,11,6,0.6470588235294118,7,10,0.4117647058823529,4,2652,2644,8,78.0,77.76470588235294,34,136069,Y,W,L,,22.0,0.6470588235294118,-21.0,-0.3137254901960785,22.0,-21.0
liebena01w,1,DET,DET,EA,0,14,18,0.4375,32,0,0,0,0,0.0,0,5,10,11,0.47619047619047616,8,8,0.5,6,10,0.375,2,2331,2426,-95,72.84375,75.8125,32,107289,N,,,,,,,,,
maherto99w,2,WAS,WAS,EA,0,10,22,0.3125,32,0,0,0,0,0.0,0,8,4,17,0.19047619047619047,8,8,0.5,2,14,0.125,6,1928,2075,-147,60.25,64.84375,32,246667,N,,,,,,,,14.0,-4.0
mahorri01w,10,DET,DET,EA,0,17,14,0.5483870967741935,31,2,3,2,5,0.6,1,3,11,11,0.5,11,6,0.6470588235294118,7,10,0.4117647058823529,4,2652,2644,8,78.0,77.76470588235294,34,136069,Y,W,L,,,,,,22.0,-5.0
mcconsu01w,4,MIN,MIN,WE,0,18,16,0.5294117647058824,34,0,1,2,3,0.3333333333333333,1,4,14,10,0.5833333333333334,11,6,0.6470588235294118,7,10,0.4117647058823529,4,2380,2370,10,70.0,69.70588235294117,34,120253,Y,L,,,,,,,10.0,8.0
mcconsu01w,5,MIN,MIN,WE,1,18,16,0.5294117647058824,34,0,0,2,2,0.0,1,3,12,10,0.5454545454545454,11,6,0.6470588235294118,7,10,0.4117647058823529,4,2165,2190,-25,63.6764705882353,64.41176470588235,34,125097,Y,L,,,18.0,0.5294117647058824,0.0,0.0,18.0,0.0
mcconsu01w,6,MIN,MIN,WE,0,14,20,0.4117647058823529,34,0,0,0,0,0.0,0,6,9,13,0.4090909090909091,11,6,0.6470588235294118,3,14,0.17647058823529413,8,2211,2288,-77,65.02941176470588,67.29411764705883,34,113447,N,,,,18.0,0.5294117647058824,-4.0,-0.11764705882352944,18.0,-4.0
mcconsu01w,7,MIN,MIN,WE,0,9,14,0.391304347826087,23,1,0,0,0,0.0,0,7,6,14,0.3,8,9,0.47058823529411764,2,15,0.11764705882352941,6,2523,2735,-212,74.20588235294117,80.44117647058823,34,109522,N,,,,14.0,0.4117647058823529,-5.0,-0.020460358056265948,14.0,-5.0
mchugma99w,2,SAC,SAC,WE,0,14,6,0.7,20,2,3,2,5,0.6,1,2,13,8,0.6190476190476191,12,4,0.75,8,8,0.5,4,2294,2139,155,71.6875,66.84375,32,133603,Y,W,L,,,,,,21.0,-7.0
mchugma99w,3,SAC,SAC,WE,0,14,18,0.4375,32,0,0,0,0,0.0,0,6,8,13,0.38095238095238093,10,6,0.625,4,12,0.25,6,2166,2294,-128,67.6875,71.6875,32,144179,N,,,,14.0,0.7,0.0,-0.26249999999999996,20.0,-6.0
mchugma99w,4,SAC,SAC,WE,0,7,11,0.3888888888888889,18,1,0,0,0,0.0,1,3,13,11,0.5416666666666666,12,5,0.7058823529411765,7,10,0.4117647058823529,5,2299,2216,83,67.61764705882354,65.17647058823529,34,155578,Y,W,L,,14.0,0.4375,-7.0,-0.048611111111111105,14.0,-7.0
meadoma99w,9,ATL,ATL,EA,0,4,30,0.11764705882352941,34,0,0,0,0,0.0,0,7,2,18,0.1,1,16,0.058823529411764705,3,14,0.17647058823529413,-2,2534,2879,-345,74.52941176470588,84.67647058823529,34,141379,N,,,,,,,,,
meadoma99w,10,ATL,ATL,EA,1,18,16,0.5294117647058824,34,0,0,2,2,0.0,1,2,10,12,0.45454545454545453,12,5,0.7058823529411765,6,11,0.35294117647058826,6,2861,2797,64,84.1470588235294,82.26470588235294,34,120737,Y,L,,,4.0,0.11764705882352941,14.0,0.4117647058823529,4.0,14.0
millech99w,1,PHO,PHO,WE,0,20,12,0.625,32,0,0,2,2,0.0,1,4,11,10,0.5238095238095238,11,5,0.6875,9,7,0.5625,2,2243,2102,141,70.09375,65.6875,32,161075,Y,L,,,,,,,,
overtbo99w,8,CHI,CHI,EA,0,14,20,0.4117647058823529,34,0,0,0,0,0.0,0,6,6,14,0.3,6,11,0.35294117647058826,8,9,0.47058823529411764,-2,2525,2611,-86,74.26470588235294,76.79411764705883,34,66557,N,,,,,,,,5.0,9.0
peckca99wc,1,ORL,CON,EA,0,16,16,0.5,32,0,1,2,3,0.3333333333333333,1,3,13,8,0.6190476190476191,11,5,0.6875,5,11,0.3125,6,2208,2233,-25,69.0,69.78125,32,117810,Y,L,,,,,,,,
peckca99wc,2,ORL,CON,EA,0,13,19,0.40625,32,0,0,0,0,0.0,0,5,9,12,0.42857142857142855,10,6,0.625,3,13,0.1875,7,2140,2205,-65,66.875,68.90625,32,118874,N,,,,16.0,0.5,-3.0,-0.09375,16.0,-3.0
plankju99w,10,WAS,WAS,EA,0,16,18,0.47058823529411764,34,0,0,2,2,0.0,1,4,10,12,0.45454545454545453,11,6,0.6470588235294118,5,12,0.29411764705882354,6,2585,2622,-37,76.02941176470588,77.11764705882354,34,192747,Y,L,,,,,,,10.0,6.0
rollitr01w,8,WAS,WAS,EA,0,16,14,0.5333333333333333,30,2,0,0,0,0.0,0,5,8,12,0.4,8,9,0.47058823529411764,8,9,0.47058823529411764,0,2585,2639,-54,76.02941176470588,77.61764705882354,34,133255,N,,,,,,,,18.0,-2.0
rollitr01w,9,WAS,WAS,EA,0,8,14,0.36363636363636365,22,1,0,0,0,0.0,0,6,6,14,0.3,6,11,0.35294117647058826,4,13,0.23529411764705882,2,2368,2601,-233,69.6470588235294,76.5,34,154637,N,,,,16.0,0.5333333333333333,-8.0,-0.16969696969696968,16.0,-8.0
rothsro99w,1,MIA,MIA,EA,0,13,19,0.40625,32,0,0,0,0,0.0,0,6,9,12,0.42857142857142855,9,7,0.5625,4,12,0.25,5,1831,2001,-170,57.21875,62.53125,32,127721,N,,,,,,,,,
rothsro99w,2,MIA,MIA,EA,0,20,12,0.625,32,0,1,2,3,0.3333333333333333,1,3,14,7,0.6666666666666666,10,6,0.625,10,6,0.625,0,1957,1898,59,61.15625,59.3125,32,141717,Y,L,,,13.0,0.40625,7.0,0.21875,13.0,7.0
rothsro99w,3,MIA,MIA,EA,0,15,17,0.46875,32,0,0,0,0,0.0,0,6,11,10,0.5238095238095238,9,7,0.5625,6,10,0.375,3,2046,2088,-42,63.9375,65.25,32,141252,N,,,,20.0,0.625,-5.0,-0.15625,20.0,-5.0
sharpli99w,3,PHO,PHO,WE,0,5,17,0.22727272727272727,22,2,0,0,0,0.0,0,7,7,14,0.3333333333333333,10,6,0.625,1,15,0.0625,9,2091,2291,-200,65.34375,71.59375,32,139798,N,,,,,,,,13.0,-8.0
shumajo01w,4,PHO,PHO,WE,0,8,26,0.23529411764705882,34,0,0,0,0,0.0,0,7,5,19,0.20833333333333334,6,11,0.35294117647058826,2,15,0.11764705882352941,4,2097,2270,-173,61.6764705882353,66.76470588235294,34,144511,N,,,,,,,,11.0,-3.0
stanlma99w,3,WAS,WAS,EA,1,17,15,0.53125,32,0,3,2,5,0.6,1,3,12,9,0.5714285714285714,9,7,0.5625,8,8,0.5,1,2135,2116,19,66.71875,66.125,32,259237,Y,W,,,,,,,10.0,7.0
stanlma99w,4,WAS,WAS,EA,0,9,25,0.2647058823529412,34,0,0,0,0,0.0,0,7,7,17,0.2916666666666667,3,14,0.17647058823529413,6,11,0.35294117647058826,-3,2330,2498,-168,68.52941176470588,73.47058823529412,34,238710,N,,,,17.0,0.53125,-8.0,-0.2665441176470588,17.0,-8.0
thibami99w,4,CON,CON,EA,0,18,16,0.5294117647058824,34,0,2,2,4,0.5,1,3,11,13,0.4583333333333333,10,7,0.5882352941176471,8,9,0.47058823529411764,2,2384,2409,-25,70.11764705882354,70.8529411764706,34,102433,Y,W,L,,,,,,,
thibami99w,5,CON,CON,EA,0,18,16,0.5294117647058824,34,0,5,3,8,0.625,1,1,14,6,0.7,10,7,0.5882352941176471,8,9,0.47058823529411764,2,2335,2304,31,68.67647058823529,67.76470588235294,34,114017,Y,W,W,L,18.0,0.5294117647058824,0.0,0.0,18.0,0.0
thibami99w,6,CON,CON,EA,0,26,8,0.7647058823529411,34,0,5,3,8,0.625,1,1,13,7,0.65,14,3,0.8235294117647058,12,5,0.7058823529411765,2,2474,2244,230,72.76470588235294,66.0,34,121944,Y,W,W,W,18.0,0.5294117647058824,8.0,0.23529411764705876,18.0,8.0
thibami99w,7,CON,CON,EA,1,26,8,0.7647058823529411,34,0,3,2,5,0.6,1,1,15,5,0.75,14,3,0.8235294117647058,12,5,0.7058823529411765,2,2683,2417,266,78.91176470588235,71.08823529411765,34,126096,Y,W,L,,26.0,0.7647058823529411,0.0,0.0,26.0,0.0
thibami99w,8,CON,CON,EA,0,18,16,0.5294117647058824,34,0,1,2,3,0.3333333333333333,1,3,10,10,0.5,8,9,0.47058823529411764,10,7,0.5882352941176471,-2,2675,2593,82,78.67647058823529,76.26470588235294,34,135490,Y,L,,,26.0,0.7647058823529411,-8.0,-0.23529411764705876,26.0,-8.0
thibami99w,9,CON,CON,EA,1,21,13,0.6176470588235294,34,0,1,2,3,0.3333333333333333,1,2,13,7,0.65,13,4,0.7647058823529411,8,9,0.47058823529411764,5,2690,2541,149,79.11764705882354,74.73529411764706,34,129951,Y,L,,,18.0,0.5294117647058824,3.0,0.08823529411764708,18.0,3.0
thibami99w,10,CON,CON,EA,0,16,18,0.47058823529411764,34,0,0,0,0,0.0,0,6,10,12,0.45454545454545453,12,5,0.7058823529411765,4,13,0.23529411764705882,8,2651,2654,-3,77.97058823529412,78.05882352941177,34,115496,N,,,,21.0,0.6176470588235294,-5.0,-0.1470588235294118,21.0,-5.0
thompka99w,8,HOU,HOU,WE,0,13,21,0.38235294117647056,34,0,0,0,0,0.0,0,5,10,12,0.45454545454545453,7,10,0.4117647058823529,6,11,0.35294117647058826,1,2510,2628,-118,73.82352941176471,77.29411764705883,34,138816,N,,,,,,,,18.0,-5.0
thompka99w,9,HOU,HOU,WE,0,17,17,0.5,34,0,0,0,0,0.0,0,5,10,10,0.5,13,4,0.7647058823529411,4,13,0.23529411764705882,9,2561,2606,-45,75.32352941176471,76.6470588235294,34,111951,N,,,,13.0,0.38235294117647056,4.0,0.11764705882352944,13.0,4.0
thompka99w,5,LAS,LAS,WE,0,11,3,0.7857142857142857,14,2,1,2,3,0.3333333333333333,1,1,16,6,0.7272727272727273,15,2,0.8823529411764706,10,7,0.5882352941176471,5,2495,2361,134,73.38235294117646,69.44117647058823,34,177269,Y,L,,,,,,,24.0,-13.0
vandehe99w,3,MIN,MIN,WE,0,4,9,0.3076923076923077,13,2,0,0,0,0.0,0,8,6,15,0.2857142857142857,7,9,0.4375,3,13,0.1875,4,2003,2104,-101,62.59375,65.75,32,139874,N,,,,,,,,12.0,-8.0
walkeda01w,1,WAS,WAS,EA,0,5,7,0.4166666666666667,12,2,0,2,2,0.0,1,4,13,8,0.6190476190476191,7,9,0.4375,7,9,0.4375,0,2176,2221,-45,68.0,69.40625,32,244134,Y,L,,,,,,,,
weisery99w,5,LAS,LAS,WE,0,11,3,0.7857142857142857,14,2,1,2,3,0.3333333333333333,1,1,16,6,0.7272727272727273,15,2,0.8823529411764706,10,7,0.5882352941176471,5,2495,2361,134,73.38235294117646,69.44117647058823,34,177269,Y,L,,,,,,,24.0,-13.0
westhpa99w,7,PHO,PHO,WE,0,18,16,0.5294117647058824,34,0,0,0,0,0.0,0,5,8,12,0.4,10,7,0.5882352941176471,8,9,0.47058823529411764,2,2960,2879,81,87.05882352941177,84.67647058823529,34,126801,N,,,,,,,,16.0,2.0
westhpa99w,8,PHO,PHO,WE,0,23,11,0.6764705882352942,34,0,7,2,9,0.7777777777777778,1,1,17,5,0.7727272727272727,12,5,0.7058823529411765,11,6,0.6470588235294118,1,3025,2904,121,88.97058823529412,85.41176470588235,34,131524,Y,W,W,W,18.0,0.5294117647058824,5.0,0.1470588235294118,18.0,5.0
whisejo99w,4,SAC,SAC,WE,0,12,4,0.75,16,2,3,3,6,0.5,1,3,13,11,0.5416666666666666,12,5,0.7058823529411765,7,10,0.4117647058823529,5,2299,2216,83,67.61764705882354,65.17647058823529,34,155578,Y,W,L,,,,,,14.0,-2.0
whisejo99w,5,SAC,SAC,WE,0,18,16,0.5294117647058824,34,0,3,3,6,0.5,1,4,12,10,0.5454545454545454,10,7,0.5882352941176471,8,9,0.47058823529411764,2,2312,2241,71,68.0,65.91176470588235,34,147544,Y,W,L,,12.0,0.75,6.0,-0.22058823529411764,19.0,-1.0
whisejo99w,6,SAC,SAC,WE,1,25,9,0.7352941176470589,34,0,7,1,8,0.875,1,1,17,5,0.7727272727272727,15,2,0.8823529411764706,10,7,0.5882352941176471,5,2329,2093,236,68.5,61.55882352941177,34,145213,Y,W,W,W,18.0,0.5294117647058824,7.0,0.20588235294117652,18.0,7.0
whisejo99w,7,SAC,SAC,WE,0,21,13,0.6176470588235294,34,0,6,3,9,0.6666666666666666,1,2,10,10,0.5,14,3,0.8235294117647058,7,10,0.4117647058823529,7,2537,2404,133,74.61764705882354,70.70588235294117,34,147739,Y,W,W,L,25.0,0.7352941176470589,-4.0,-0.11764705882352944,25.0,-4.0
whisejo99w,10,SAC,SAC,WE,0,9,12,0.42857142857142855,21,2,0,0,0,0.0,0,6,6,14,0.3,7,10,0.4117647058823529,5,12,0.29411764705882354,2,2610,2690,-80,76.76470588235294,79.11764705882354,34,131654,N,,,,21.0,0.6176470588235294,-12.0,-0.1890756302521009,18.0,-9.0
willifr99w,1,UTA,SAS,WE,0,18,14,0.5625,32,0,0,0,0,0.0,0,5,13,8,0.6190476190476191,12,4,0.75,6,10,0.375,6,2413,2407,6,75.40625,75.21875,32,103442,N,,,,,,,,,
willifr99w,2,UTA,SAS,WE,0,5,8,0.38461538461538464,13,1,0,0,0,0.0,1,3,11,10,0.5238095238095238,9,7,0.5625,10,6,0.625,-1,2207,2192,15,68.96875,68.5,32,110507,Y,L,,,18.0,0.5625,-13.0,-0.17788461538461536,18.0,-13.0
willigr99w,2,DET,DET,EA,0,10,22,0.3125,32,0,0,0,0,0.0,0,7,7,14,0.3333333333333333,6,10,0.375,4,12,0.25,2,2103,2269,-166,65.71875,70.90625,32,109348,N,,,,,,,,14.0,-4.0
willigr99w,3,DET,DET,EA,0,0,10,0.0,10,1,0,0,0,0.0,0,8,6,15,0.2857142857142857,7,9,0.4375,2,14,0.125,5,2114,2266,-152,66.0625,70.8125,32,94171,N,,,,10.0,0.3125,-10.0,-0.3125,10.0,-10.0
wintebr01w,5,IND,IND,EA,0,15,19,0.4411764705882353,34,0,0,0,0,0.0,0,6,8,12,0.4,10,7,0.5882352941176471,5,12,0.29411764705882354,5,2198,2245,-47,64.6470588235294,66.02941176470588,34,128989,N,,,,,,,,16.0,-1.0
wintebr01w,6,IND,IND,EA,0,21,13,0.6176470588235294,34,0,2,2,4,0.5,1,2,14,6,0.7,14,3,0.8235294117647058,7,10,0.4117647058823529,7,2170,2133,37,63.8235294117647,62.73529411764706,34,142494,Y,W,L,,15.0,0.4411764705882353,6.0,0.17647058823529416,15.0,6.0
wintebr01w,7,IND,IND,EA,0,21,13,0.6176470588235294,34,0,0,2,2,0.0,1,3,12,8,0.6,12,5,0.7058823529411765,9,8,0.5294117647058824,3,2435,2316,119,71.61764705882354,68.11764705882354,34,122768,Y,L,,,21.0,0.6176470588235294,0.0,0.0,21.0,0.0
wintebr01w,8,IND,IND,EA,0,21,13,0.6176470588235294,34,0,3,3,6,0.5,1,2,12,8,0.6,12,5,0.7058823529411765,9,8,0.5294117647058824,3,2480,2370,110,72.94117647058823,69.70588235294117,34,133915,Y,W,L,,21.0,0.6176470588235294,0.0,0.0,21.0,0.0
zierddo99w,8,MIN,MIN,WE,0,10,24,0.29411764705882354,34,0,0,0,0,0.0,0,6,8,14,0.36363636363636365,7,10,0.4117647058823529,3,14,0.17647058823529413,4,2636,2752,-116,77.52941176470588,80.94117647058823,34,121019,N,,,,,,,,10.0,0.0
zierddo99w,9,MIN,MIN,WE,0,16,18,0.47058823529411764,34,0,0,0,0,0.0,0,7,8,12,0.4,9,8,0.5294117647058824,7,10,0.4117647058823529,2,2767,2721,46,81.38235294117646,80.02941176470588,34,118463,N,,,,10.0,0.29411764705882354,6.0,0.1764705882352941,10.0,6.0
