tmID,year,rank,franchID,confID,player_awards,net_rating,off_eff,def_eff,home_win_pct,away_win_pct,reb_dif,conf_win_pct,ast_dif,blk_dif,pf_dif,coach_awards,efg_pct,win_pct,pts_per_poss,ts_pct,eff_x_pace,net_four_factors,pyth_wins
ATL,9,7,ATL,EA,0,-10.147058823529411,1.1222320637732506,1.277284826974268,0.058823529411764705,0.17647058823529413,-188,0.1,-192,8,70,0,0.45769338173694496,0.11764705882352941,0.9327149587750295,0.4916569654637175,-12.363184974187629,-0.035973035807008946,0.1448563304593772
ATL,10,2,ATL,EA,1,1.8823529411764706,1.17833607907743,1.1836648328396107,0.7058823529411765,0.35294117647058826,85,0.45454545454545453,-68,-12,41,1,0.4981726173741917,0.5294117647058824,1.0115431176883218,0.5182595464096805,-0.44477766060798407,0.010384392958626032,0.5780313431970394
CHA,1,8,CHA,EA,0,-7.59375,1.1487125591171834,1.2585492227979274,0.3125,0.1875,-55,0.23809523809523808,-45,-33,117,0,0.479413817166783,0.25,0.9698465566099346,0.5067504914506138,-7.731820135809555,-0.021990510713127742,0.18752071787809962
CHA,2,4,CHA,EA,0,1.4375,1.154494382022472,1.0882990249187432,0.6875,0.4375,37,0.7142857142857143,24,-10,26,0,0.4784356725146199,0.5625,0.9831467124722134,0.5106046752007634,4.342680207433026,0.005764983299082482,0.5780821064056326
CHA,3,2,CHA,EA,0,3.375,1.2519553072625698,1.1804095185390149,0.6875,0.4375,40,0.5714285714285714,7,2,47,0,0.4936241610738255,0.5625,1.0670355438538752,0.538256826086121,4.707898917060592,0.006568478633536712,0.6653110820666424
CHA,4,2,CHA,EA,0,0.6470588235294118,1.178628389154705,1.1540483701366981,0.7647058823529411,0.29411764705882354,-36,0.5,8,11,91,0,0.4785809906291834,0.5294117647058824,1.0060006098623455,0.5178454638886294,1.587260800798368,0.003115688665040972,0.5346251949542571
CHA,5,5,CHA,EA,0,-2.235294117647059,1.1995412844036697,1.1221532091097308,0.5882352941176471,0.35294117647058826,-124,0.4,-90,20,53,0,0.4822771213748657,0.47058823529411764,0.9786969669750591,0.5220602914753444,4.900992271052817,-0.022492702164392586,0.37839366031135746
CHA,6,6,CHA,EA,0,-7.0588235294117645,1.0951385258755881,1.2367584745762712,0.29411764705882354,0.058823529411764705,-130,0.2,-3,-33,73,0,0.46617336152219874,0.17647058823529413,0.9068095815881037,0.47884400885004297,-9.571402560223145,-0.02684067471369911,0.18113813671713824
CHA,7,6,CHA,EA,0,-3.3823529411764706,1.1276400367309458,1.19637040483946,0.4117647058823529,0.23529411764705882,-146,0.3,5,30,27,0,0.4549871391826236,0.3235294117647059,0.9313597002174587,0.4873247932441227,-5.329841133044051,-0.025033910793629155,0.3460303695324227
CHI,7,7,CHI,EA,0,-10.735294117647058,1.0675862068965518,1.2515137401024685,0.17647058823529413,0.11764705882352941,-202,0.2,-114,5,90,0,0.4364937388193202,0.14705882352941177,0.9204047307376176,0.4723506053899232,-13.644635920787616,-0.045042864812997574,0.11600577362851566
CHI,8,6,CHI,EA,1,-2.5294117647058822,1.108915239350022,1.164065983058404,0.35294117647058826,0.47058823529411764,-60,0.3,13,-26,-49,0,0.45146726862302483,0.4117647058823529,0.9662352627119061,0.48649002743611086,-4.231372683636323,-0.029109352290984436,0.3855925945331849
CHI,9,5,CHI,EA,0,-1.1176470588235294,1.177142857142857,1.1393554244212438,0.47058823529411764,0.23529411764705882,-33,0.5,17,25,-42,0,0.4835536427912696,0.35294117647058826,0.9808477571916138,0.5029951816642791,2.812707999191312,-0.010678144789897814,0.4471481676390899
CHI,10,5,CHI,EA,0,-3.5294117647058822,1.2045880149812733,1.1868664609960335,0.7058823529411765,0.23529411764705882,-73,0.45454545454545453,-78,17,-31,0,0.49787878787878787,0.47058823529411764,1.0053596256951947,0.5270553725644429,1.3346556812021582,-0.01041114077526395,0.3465897387218057
CLE,1,2,CLE,EA,1,1.96875,1.1952954048140043,1.2049971607041454,0.8125,0.25,61,0.6190476190476191,-1,-4,-46,0,0.4905525846702317,0.53125,0.9957308892583195,0.5255435828362517,-0.6662661454042624,0.003205831939400272,0.6003591824707795
CLE,2,1,CLE,EA,0,6.75,1.1322033898305084,1.0246418338108882,0.875,0.5,68,0.7142857142857143,69,-44,-65,1,0.4754789272030651,0.6875,0.9758320867614063,0.5029615500451762,6.903128566849589,0.02741085014144584,0.8301091202241807
CLE,3,7,CLE,EA,0,-2.15625,1.1379120879120879,1.1668484187568158,0.25,0.375,51,0.3333333333333333,-50,-26,-46,0,0.4772479068074263,0.3125,0.9720507482772501,0.5018610782622182,-1.923930339736607,0.003910252950295234,0.3879613363147159
CLE,4,4,CLE,EA,0,0.5588235294117647,1.128607594936709,1.1468604047742605,0.6470588235294118,0.35294117647058826,65,0.5416666666666666,7,-49,-20,0,0.46467302004600725,0.5,0.9776645108045744,0.4935958758503401,-1.2204043396326278,-0.006207534235327383,0.5297341479821432
CON,4,3,CON,EA,0,-0.7352941176470589,1.1341579448144625,1.1449619771863118,0.5882352941176471,0.47058823529411764,-83,0.4583333333333333,-33,23,-6,0,0.46102517440097057,0.5294117647058824,0.9984293165650816,0.49953064234947037,-0.7622349065475459,-0.008176547454462835,0.46378633121941865
CON,5,1,CON,EA,1,0.9117647058823529,1.1384690394929302,1.154308617234469,0.5882352941176471,0.47058823529411764,-18,0.7,7,-17,-17,0,0.4694337194337194,0.5294117647058824,0.9921241910045142,0.5052800138492167,-1.095091009874174,-0.0038000145119497786,0.5463439009268891
CON,6,1,CON,EA,1,6.764705882352941,1.2217283950617284,1.0685714285714285,0.8235294117647058,0.7058823529411765,32,0.65,78,51,-51,0,0.5048606610499028,0.7647058823529411,1.04856669324957,0.5314213049679514,10.6235726162465,0.01707481545608658,0.7953182707369018
CON,7,1,CON,EA,1,7.823529411764706,1.2107400722021662,1.0254560882477726,0.8235294117647058,0.7058823529411765,115,0.75,102,50,-116,1,0.5001470155836518,0.7647058823529411,1.040890751086282,0.5338241146040589,14.067631986447934,0.040065773615858724,0.810355506221961
CON,8,3,CON,EA,0,2.411764705882353,1.1495487752470992,1.1191195511437204,0.47058823529411764,0.5882352941176471,43,0.5,38,71,8,0,0.4763801935116676,0.5294117647058824,1.001026847727164,0.514898367724053,2.389821047379675,0.006910445012576205,0.6066070385929431
CON,9,2,CON,EA,0,4.382352941176471,1.1767279090113736,1.112521891418564,0.7647058823529411,0.47058823529411764,39,0.65,53,-7,-74,1,0.46900489396411094,0.6176470588235294,1.029753679857314,0.5164892554874584,4.917280552633093,0.006754544227326464,0.688397980531625
CON,10,6,CON,EA,0,-0.08823529411764706,1.1133977320453592,1.1869409660107335,0.7058823529411765,0.23529411764705882,-90,0.45454545454545453,83,5,-7,0,0.45393318965517243,0.47058823529411764,0.993158855065792,0.4935802910466658,-5.77761183404891,-0.01529274629219679,0.49606699870247306
DET,1,5,DET,EA,0,-2.96875,1.1772727272727272,1.2333502796136249,0.5,0.375,14,0.47619047619047616,-10,-60,29,0,0.4955962059620596,0.4375,0.980442630099816,0.5094948329224152,-4.15739906687619,-0.0010946235782700597,0.3645533745147086
DET,2,7,DET,EA,0,-5.1875,1.098746081504702,1.2351660315732171,0.375,0.25,-36,0.3333333333333333,31,-27,11,0,0.4645228940929745,0.3125,0.9416049138612841,0.4885062811268862,-9.462087736752203,-0.019811207101105843,0.25792094846762054
DET,3,8,DET,EA,0,-4.75,1.1016154247003647,1.1421370967741935,0.4375,0.125,96,0.2857142857142857,13,-7,-28,0,0.4594410361281527,0.28125,0.9227482498337831,0.4792694428322693,-2.896675519528825,-0.010915405570228076,0.27571229819352044
DET,4,1,DET,EA,2,4.647058823529412,1.2739520958083832,1.047681539807524,0.7647058823529411,0.7058823529411765,166,0.75,41,29,-169,1,0.5144904954814584,0.7352941176470589,1.0146103896103897,0.5336359987960269,16.798496445922414,0.024807521067438998,0.7086121150514555
DET,5,3,DET,EA,0,-0.4411764705882353,1.12827849308536,1.1348903717826502,0.47058823529411764,0.5294117647058824,115,0.55,49,17,-80,0,0.4816010329244674,0.5,0.9621716091218099,0.4837496115282071,-0.47590964929993657,0.00563309219578112,0.47803703086204
DET,6,4,DET,EA,0,-1.1764705882352942,1.090776699029126,1.1758354755784062,0.7058823529411765,0.23529411764705882,197,0.55,1,19,17,0,0.4609375,0.47058823529411764,0.9144638140930472,0.4680157963141934,-6.104202070708043,-0.0010180026593080704,0.4389459744222356
DET,7,2,DET,EA,2,4.205882352941177,1.1382882882882883,1.1011547344110855,0.8235294117647058,0.5294117647058824,202,0.7,98,29,-22,0,0.4757396449704142,0.6764705882352942,0.9824769959640297,0.4958324176686655,2.7968748135718937,0.02304827627583539,0.69217349947656
DET,8,1,DET,EA,2,4.617647058823529,1.1928350287483414,1.1229000884173297,0.7058823529411765,0.7058823529411765,222,0.7,17,0,-65,0,0.494552752293578,0.7058823529411765,1.0068001003440366,0.5173802946593001,5.517442245890812,0.02772361403881518,0.697256122284054
DET,9,1,DET,EA,1,4.411764705882353,1.1642701525054466,1.1724779172477917,0.8235294117647058,0.47058823529411764,163,0.8,84,-1,-38,0,0.483072546230441,0.6470588235294118,1.0257884443396132,0.5094647569365,-0.6301199485875227,0.024092693152678146,0.6907548169166223
DET,10,3,DET,EA,0,0.23529411764705882,1.1646903820816865,1.2012721490231713,0.6470588235294118,0.4117647058823529,125,0.5,51,-13,50,0,0.48689574839836924,0.5294117647058824,0.9982871019499575,0.51113235475515,-2.8595545451904467,0.007649168342914958,0.5105045043903934
HOU,1,2,HOU,WE,4,12.78125,1.3067581837381204,1.066047471620227,0.875,0.8125,95,0.8095238095238095,21,19,-94,0,0.5246770453792646,0.84375,1.1017816543872547,0.5694996686547382,16.939342375302807,0.0529391273647456,0.9250140394785561
HOU,2,4,HOU,WE,1,1.65625,1.0728511530398324,1.05894848645778,0.6875,0.5,76,0.6190476190476191,-26,-25,-52,0,0.45107564191533656,0.59375,0.9548315690172969,0.47712058774170696,0.9329912711216316,0.02056660298313595,0.5902250878510098
HOU,3,2,HOU,WE,2,5.625,1.1653543307086613,1.0063829787234042,0.875,0.625,28,0.7619047619047619,4,55,-139,0,0.48868274582560295,0.75,0.9849107115694684,0.5089908617470768,10.55239116769978,0.034384890658740175,0.7797377504449049
HOU,4,2,HOU,WE,2,3.0,1.1711899791231732,1.0551724137931036,0.8235294117647058,0.35294117647058826,24,0.5833333333333334,-51,7,-144,0,0.4951048951048951,0.5882352941176471,0.9887901861252115,0.5146788990825688,7.735974821107182,0.026624696712142626,0.6563551723561085
HOU,5,6,HOU,WE,0,-1.0,1.1262286601138127,1.1010956175298805,0.5294117647058824,0.23529411764705882,-20,0.3181818181818182,-88,-22,-100,0,0.4745354439091535,0.38235294117647056,0.9541817442284498,0.49396442185514616,1.686896701753891,0.001250971501341347,0.4463164872241382
HOU,6,3,HOU,WE,2,1.3529411764705883,1.2026041666666667,1.1640946502057614,0.6470588235294118,0.47058823529411764,-1,0.5,-74,-6,-104,0,0.5147424511545293,0.5588235294117647,1.013743712945011,0.5192030940816694,2.5930369317356523,0.019615241208051026,0.5695249454384304
HOU,7,3,HOU,WE,4,1.7058823529411764,1.1949475691134415,1.0972222222222223,0.7058823529411765,0.35294117647058826,1,0.55,6,-5,-88,0,0.4861453201970443,0.5294117647058824,0.9820022913125661,0.523093743740402,7.372749681302454,0.003183448599091254,0.5806864437661134
HOU,8,5,HOU,WE,0,-3.4705882352941178,1.1679851093531874,1.2,0.4117647058823529,0.35294117647058826,81,0.45454545454545453,-30,-51,-22,0,0.49304482225656876,0.38235294117647056,0.9593956250947929,0.5088718048527313,-2.4666983603865034,-0.0014832066077630213,0.3454657893390215
HOU,9,5,HOU,WE,0,-1.3235294117647058,1.1572525982828739,1.192131747483989,0.7647058823529411,0.23529411764705882,87,0.5,14,-45,-16,0,0.4775510204081633,0.5,0.9666170261077935,0.5047618296778669,-2.706037649671682,0.005772037081067771,0.4397211770647492
IND,1,7,IND,EA,0,-2.40625,1.2040261153427638,1.2259100642398286,0.3125,0.25,-22,0.3333333333333333,-27,51,30,0,0.483948087431694,0.28125,0.9930421534502762,0.5298415981918826,-1.5227026714168863,-0.01566828753118854,0.38325375704741477
IND,2,6,IND,EA,0,-3.0,1.1816684961580681,1.1843075302790942,0.4375,0.1875,-31,0.3333333333333333,-107,-22,-16,0,0.48653375306051067,0.3125,0.980616138473019,0.517040979039788,-0.1821946932610457,0.005523427385336177,0.352788991772747
IND,3,4,IND,EA,1,-1.0,1.149041095890411,1.1717116125481564,0.625,0.375,16,0.5714285714285714,-60,-45,-88,0,0.4633649932157395,0.5,0.9914556100217866,0.5040380732621864,-1.504252257688052,0.01210057010303811,0.44752844231501543
IND,4,5,IND,EA,0,0.47058823529411764,1.1621084037792144,1.2164570230607967,0.6470588235294118,0.29411764705882354,2,0.5,-31,-49,37,0,0.47195967233774416,0.47058823529411764,1.0148641775613663,0.5173283983849261,-3.6755830553119497,-0.0009301827806510454,0.5238720120054339
IND,5,6,IND,EA,1,-1.3823529411764706,1.092988562904028,1.2037533512064342,0.5882352941176471,0.29411764705882354,132,0.4,41,-28,36,0,0.4580078125,0.4411764705882353,0.9717270746682513,0.48495278439678763,-7.36833434090737,0.006376568707295638,0.4269507191840072
IND,6,2,IND,EA,1,1.088235294117647,1.1082737487231868,1.1863181312569522,0.8235294117647058,0.4117647058823529,22,0.7,58,-18,24,0,0.45878848063555117,0.6176470588235294,0.9595112771316183,0.4887827732228128,-5.195309873983241,0.011216458041658384,0.5595215195170036
IND,7,3,IND,EA,2,3.5,1.1357276119402986,1.133627019089574,0.7058823529411765,0.5294117647058824,33,0.6,-6,-12,-79,0,0.4633639869474933,0.6176470588235294,0.9642715033733266,0.4986811062323874,0.1556435508387174,0.015655954632272207,0.6675141504587275
IND,8,2,IND,EA,1,3.235294117647059,1.1444393170281495,1.0812043795620438,0.7058823529411765,0.5294117647058824,-11,0.6,36,22,-17,0,0.4723723723723724,0.6176470588235294,0.9616052728229257,0.5085135002132476,4.8091285853634504,0.011307253601001377,0.6527336956367202
IND,9,4,IND,EA,1,0.47058823529411764,1.1349242771913721,1.155148095909732,0.6470588235294118,0.35294117647058826,-44,0.6,23,35,68,0,0.4566771518444381,0.5,0.9528049838982509,0.5010860579338964,-1.54498935182522,-0.011254149901812283,0.522556765908129
IND,10,1,IND,EA,1,3.088235294117647,1.178119349005425,1.1808309726156752,0.8235294117647058,0.47058823529411764,-45,0.7727272727272727,29,1,-8,0,0.4773296244784423,0.6470588235294118,0.994629762620119,0.5129436588668788,-0.20946699022134235,0.014541352834768206,0.6392384312515731
LAS,1,1,LAS,WE,0,7.75,1.2356850715746421,1.1049414161996944,0.9375,0.8125,113,0.8095238095238095,141,51,55,1,0.5017736214124476,0.875,1.040839851393735,0.5345169223148099,9.553569641902802,0.03816241411632537,0.8184540847299596
LAS,2,1,LAS,WE,3,8.59375,1.2018709995076318,1.091183879093199,1.0,0.75,184,0.9047619047619048,58,24,25,0,0.498203201568115,0.875,1.0682032689733207,0.5324207367080214,7.911428343893835,0.039386841885405754,0.8405869401487993
LAS,3,1,LAS,WE,2,6.78125,1.2247752247752248,1.0955882352941178,0.75,0.8125,184,0.8095238095238095,75,50,41,0,0.4936748893105629,0.78125,1.0324871318080147,0.536354886691749,9.569577920608799,0.02443971286950475,0.7839676190510272
LAS,4,1,LAS,WE,1,1.9705882352941178,1.1677570093457943,1.1327433628318584,0.6470588235294118,0.7647058823529411,44,0.7083333333333334,15,34,28,0,0.47967722653915124,0.7058823529411765,1.0119755706910494,0.5124429935365333,2.5606262353622227,0.02151919034023686,0.5933973266360983
LAS,5,1,LAS,WE,2,3.9411764705882355,1.2058965683905267,1.1269689737470168,0.8823529411764706,0.5882352941176471,55,0.7272727272727273,94,34,27,0,0.49641185647425895,0.7352941176470589,0.998186541100801,0.5226926106558064,5.813736050885733,0.015140530720138767,0.6830621781082328
LAS,6,4,LAS,WE,0,-0.5588235294117647,1.139079333986288,1.1994884910485935,0.6470588235294118,0.35294117647058826,-37,0.5454545454545454,-16,21,83,0,0.4749918273945734,0.5,0.9729807512114156,0.5014660227664712,-4.23787435634437,-0.00328147505852161,0.4717394797845166
LAS,7,1,LAS,WE,3,2.911764705882353,1.173120728929385,1.1336996336996337,0.8823529411764706,0.5882352941176471,120,0.75,45,1,43,0,0.4890842935112189,0.7352941176470589,0.9940156781943148,0.5120424428500978,3.0162313608674647,0.020566190104290838,0.6330547005301631
LAS,8,7,LAS,WE,0,-5.147058823529412,1.0989154013015185,1.2242314647377939,0.29411764705882354,0.29411764705882354,-40,0.2727272727272727,-62,-30,127,0,0.4701889020070838,0.29411764705882354,0.9437249333543165,0.4907240941074362,-9.848745701959515,-0.008185928019251665,0.2830725879316227
LAS,9,3,LAS,WE,3,2.2058823529411766,1.155693950177936,1.0922077922077922,0.7058823529411765,0.47058823529411764,155,0.6,100,75,-4,0,0.4765217391304348,0.5882352941176471,0.9715560693309592,0.5067330347808447,5.010106505794816,0.012947040200854243,0.6004808586211645
LAS,10,3,LAS,WE,0,1.0294117647058822,1.118816254416961,1.1043324491600353,0.6470588235294118,0.4117647058823529,198,0.55,71,51,-39,0,0.46903187011425135,0.5294117647058824,0.9739910175956688,0.5053870710295292,1.1017479639663135,0.015588639972303198,0.5482353170397563
MIA,1,6,MIA,EA,0,-5.3125,1.032130777903044,1.1939140811455846,0.5625,0.25,37,0.42857142857142855,-1,-30,46,0,0.43085880640465796,0.40625,0.8571481002115205,0.44309250009679796,-10.75059757044877,-0.019149207269035684,0.22530813062028351
MIA,2,3,MIA,EA,1,1.84375,1.0717415115005477,1.1002898550724638,0.625,0.625,-25,0.6666666666666666,79,66,64,0,0.46447876447876446,0.625,0.9315385341838941,0.48145997756303016,-1.8769451061479068,0.016243381974226367,0.6048733512843514
MIA,3,6,MIA,EA,0,-1.3125,1.1023706896551724,1.2125435540069687,0.5625,0.375,-102,0.5238095238095238,30,-8,55,0,0.4585436193222783,0.46875,0.9566784572844471,0.48976426205021156,-7.36547463880212,-0.021387047200894904,0.42980391076982205
MIN,1,6,MIN,WE,1,0.15625,1.1977061714909885,1.2445961319681456,0.5,0.4375,-107,0.23809523809523808,23,-67,-17,0,0.47528390113560454,0.46875,0.9802165219182314,0.5242698950025819,-3.2666078526253406,-0.007134890612611633,0.5079370221346152
MIN,2,6,MIN,WE,0,-2.46875,1.1475138121546962,1.118837571354437,0.375,0.375,-15,0.42857142857142855,-74,1,-24,0,0.4551634833279378,0.375,0.9290052156687622,0.4875861550885496,2.0098202184714475,-0.014814970936188332,0.37302486470152124
MIN,3,8,MIN,WE,0,-3.15625,1.1284507042253522,1.164360819037078,0.4375,0.1875,45,0.2857142857142857,-29,-15,-1,0,0.44724851033999297,0.3125,0.9275951546837858,0.4935150690871819,-2.4180291269164433,-0.032007353900098456,0.3353040795693747
MIN,4,4,MIN,WE,0,0.29411764705882354,1.2032355915065722,1.146589259796807,0.6470588235294118,0.4117647058823529,90,0.5833333333333334,52,-25,-32,0,0.48144593730006396,0.5294117647058824,1.0120865243826103,0.5282878147529921,3.9418489511148618,-0.001475200746441474,0.5146379427929055
MIN,5,3,MIN,WE,1,-0.7352941176470589,1.1394736842105264,1.1105476673427992,0.6470588235294118,0.4117647058823529,20,0.5454545454545454,18,6,-16,1,0.4536015574302401,0.5294117647058824,0.9157834538022145,0.4961954528786212,2.004250358768901,-0.016286062919477318,0.46015883182504835
MIN,6,6,MIN,WE,0,-2.264705882352941,1.1361767728674204,1.133234274393264,0.6470588235294118,0.17647058823529413,-30,0.4090909090909091,-6,-17,-41,0,0.46396841066140176,0.4117647058823529,0.9452828717308861,0.5001266716128916,0.20184514850891289,-0.015548452069715668,0.38315375969579923
MIN,7,7,MIN,WE,1,-6.235294117647059,1.141112618724559,1.1819360414866034,0.47058823529411764,0.11764705882352941,-60,0.3,-134,-11,21,0,0.47659317426759285,0.29411764705882354,0.9731489572841994,0.5024615237548992,-3.110456649130633,-0.023672674398929727,0.24558541073795256
MIN,8,6,MIN,WE,0,-3.411764705882353,1.1193205944798301,1.25375854214123,0.4117647058823529,0.17647058823529413,64,0.36363636363636365,31,-52,68,0,0.4723404255319149,0.29411764705882354,0.9752352403547904,0.49706587820000303,-10.56579779453798,-0.007168868219855629,0.35456373020092585
MIN,9,7,MIN,WE,1,1.3529411764705883,1.2014763352149371,1.2256756756756757,0.5294117647058824,0.4117647058823529,-67,0.4,-30,-9,3,0,0.4960893854748603,0.47058823529411764,1.0285963923068873,0.5156233694598906,-1.9156038477771733,0.004643761343453456,0.5580349016813102
MIN,10,5,MIN,WE,0,-2.823529411764706,1.2100132919805051,1.2508849557522124,0.5294117647058824,0.29411764705882354,-78,0.35,-80,-12,-1,0,0.47928994082840237,0.4117647058823529,1.022555990088808,0.5263989761144778,-3.2202331893211142,-0.01486925354901647,0.3821184895535076
NYL,1,1,NYL,EA,1,3.53125,1.1834710743801653,1.1169045005488474,0.75,0.5,-27,0.6666666666666666,15,8,-28,0,0.48812095032397407,0.625,0.9942323415449149,0.5202278539874448,4.484337126035329,0.0107159479990252,0.6795523365534615
NYL,2,2,NYL,EA,1,2.5,1.1827133479212253,1.183627060830017,0.8125,0.5,-68,0.6190476190476191,123,6,16,0,0.4834485267369953,0.65625,1.009902840059791,0.52783203125,-0.06116302840160891,-0.009035510593792928,0.6281931208168339
NYL,3,1,NYL,EA,0,2.3125,1.200574712643678,1.1627236006924409,0.625,0.5,-91,0.5238095238095238,86,12,41,0,0.4865164388622091,0.5625,0.994770999811046,0.5250115608098599,2.481299363073797,-0.009823582618003313,0.6228545387812017
NYL,4,6,NYL,EA,0,-0.38235294117647056,1.1664066562662507,1.1516079632465543,0.6470588235294118,0.29411764705882354,-105,0.4583333333333333,21,32,-27,0,0.47905405405405405,0.47058823529411764,0.9907467872064951,0.519386091660183,0.9875610071811278,-0.013444919496960361,0.4799140711334565
NYL,5,2,NYL,EA,0,-1.3235294117647058,1.165631469979296,1.0958969465648856,0.6470588235294118,0.4117647058823529,-97,0.5,22,1,-2,0,0.46525974025974026,0.5294117647058824,0.9739244276161375,0.519938678635415,4.743654036988168,-0.020624657887295617,0.43162792859989774
NYL,6,3,NYL,EA,0,0.9117647058823529,1.2451612903225806,1.135685884691849,0.5882352941176471,0.47058823529411764,-56,0.45,25,26,23,0,0.49320517069937025,0.5294117647058824,1.0385814161730265,0.5506733622460626,7.2151762397154044,0.0033656448051516685,0.5467244469866014
NYL,7,5,NYL,EA,0,-8.352941176470589,1.1464475592073466,1.2336274965164886,0.4117647058823529,0.23529411764705882,-152,0.35,-33,-22,6,0,0.46076099881093935,0.3235294117647059,0.9337994457042077,0.5036093418259023,-6.474716507342922,-0.03547062649462873,0.17178193804411523
NYL,8,4,NYL,EA,1,-2.588235294117647,1.156205079060853,1.1250562303193883,0.5882352941176471,0.35294117647058826,-140,0.5,-9,-6,10,0,0.4647590361445783,0.47058823529411764,0.942389647070586,0.5151139953889506,2.3511414879129187,-0.02095005727224175,0.37795099636072865
NYL,9,3,NYL,EA,0,1.0294117647058822,1.186808118081181,1.1733703190013869,0.6470588235294118,0.47058823529411764,-70,0.55,55,8,30,0,0.47093847462432664,0.5588235294117647,1.001827195749792,0.5239642897870745,1.013408613859343,-0.012927256138437482,0.5474848734145626
NYL,10,7,NYL,EA,0,-0.6764705882352942,1.1586715867158672,1.1752433936022253,0.47058823529411764,0.29411764705882354,-120,0.4090909090909091,44,-3,47,0,0.4658959537572254,0.38235294117647056,0.9737955947224001,0.5181347150259068,-1.2528753915928195,-0.016547050928292784,0.46834710048599204
ORL,1,3,CON,EA,0,-0.78125,1.1554160125588697,1.1369653767820773,0.6875,0.3125,-92,0.6190476190476191,-63,22,-54,0,0.47726483859770913,0.5,0.9921319621782043,0.5131923913649803,1.2874964348860396,-0.012446006366281015,0.460927196909796
ORL,2,5,CON,EA,0,-2.03125,1.1180773249738767,1.2042599672310212,0.625,0.1875,-5,0.42857142857142855,-82,11,43,0,0.45235740191229806,0.40625,0.9492763497822518,0.4925700185979707,-6.044178303306514,-0.007335221749846688,0.3974238828281182
ORL,3,5,CON,EA,0,-0.03125,1.1776384535005224,1.211063372717508,0.625,0.375,-131,0.6190476190476191,-73,5,32,0,0.4786494538232373,0.5,1.0058591518724154,0.5126828735715846,-2.3409944371677027,-0.005641901207168787,0.49845753425352574
PHO,1,4,PHO,WE,0,4.40625,1.2461111111111112,1.149890590809628,0.6875,0.5625,-75,0.5238095238095238,-21,0,-69,0,0.5043782837127846,0.625,1.0408128567440589,0.5363872893191253,6.527215215171414,0.01811856911828269,0.7115874737614756
PHO,2,5,PHO,WE,0,-3.28125,1.0897571277719114,1.1464059196617336,0.625,0.1875,-89,0.38095238095238093,-10,11,22,0,0.46420901932712955,0.40625,0.9066833102796801,0.479491515973758,-3.997342691396658,-0.02472746344552801,0.33398423624385115
PHO,3,7,PHO,WE,1,-6.25,1.1069348861831656,1.2251336898395722,0.625,0.0625,-83,0.3333333333333333,-105,-33,23,0,0.4711433756805808,0.34375,0.9329277172423247,0.4918333552866794,-8.251883998946905,-0.015037184228408051,0.21915068777829086
PHO,4,7,PHO,WE,0,-5.088235294117647,1.0009546539379475,1.2158543117300482,0.35294117647058826,0.11764705882352941,-114,0.20833333333333334,-48,-35,-3,0,0.432,0.23529411764705882,0.8873657399132286,0.44814586859516853,-14.899615219618306,-0.027180501736857487,0.24923908540708772
PHO,5,5,PHO,WE,1,1.911764705882353,1.1966701352757545,1.2113821138211383,0.5882352941176471,0.4117647058823529,-104,0.5,45,0,88,0,0.48502796972688383,0.5,1.0044917376623959,0.5262868858460863,-0.9919016710534345,-0.005519019893283739,0.5983922039218745
PHO,6,5,PHO,WE,0,0.20588235294117646,1.1840521564694082,1.1811339688911189,0.6470588235294118,0.29411764705882354,38,0.5454545454545454,79,67,25,0,0.47582145071295723,0.47058823529411764,0.994120666796016,0.5135019922398344,0.2038358829861691,0.0006530926658273595,0.5103240967256459
PHO,7,5,PHO,WE,1,2.3823529411764706,1.2161051766639277,1.2199152542372882,0.5882352941176471,0.47058823529411764,-138,0.4,62,1,72,0,0.48984375,0.5294117647058824,1.0845503747268106,0.5411413695264282,-0.3069671025706813,0.003508982430603269,0.5953074690359098
PHO,8,1,PHO,WE,1,3.5588235294117645,1.25051674245556,1.149643705463183,0.7058823529411765,0.6470588235294118,-238,0.7727272727272727,55,50,-26,0,0.4935849056603774,0.6764705882352942,1.0653473123805404,0.5498480419956666,8.471626199438868,-0.0036297579117023915,0.6382632189036983
PHO,9,6,PHO,WE,0,0.029411764705882353,1.2112676056338028,1.223170731707317,0.5882352941176471,0.35294117647058826,-72,0.4,-90,27,77,0,0.490275322051023,0.47058823529411764,1.0667875645317875,0.532720733986521,-0.986284624244754,0.008760860809139515,0.5011555055129233
PHO,10,1,PHO,WE,3,3.676470588235294,1.2860635696821516,1.1738962044926413,0.7058823529411765,0.6470588235294118,-95,0.65,18,38,69,0,0.5238956342030483,0.6764705882352942,1.095511983151609,0.5666312372525926,9.495408215056438,0.015259166115438538,0.6369480396300986
POR,1,7,POR,WE,0,-4.625,1.1788840262582057,1.2468868435300486,0.375,0.25,-17,0.19047619047619047,-7,-37,32,0,0.47126436781609193,0.3125,0.9281061019509266,0.5047594955684225,-4.923458372735249,-0.02398412980539144,0.2841580934726648
POR,2,7,POR,WE,1,-3.5625,1.1041776837652035,1.132716049382716,0.375,0.3125,-110,0.23809523809523808,-50,-38,-10,0,0.4483785572468564,0.34375,0.9215008388835222,0.48327068713314936,-2.0221943416181904,-0.016061663816216987,0.32312512241852165
POR,3,5,POR,WE,0,-1.0,1.1250640697078422,1.1814323607427055,0.5625,0.4375,-64,0.38095238095238093,6,-19,7,0,0.4700619408121129,0.5,0.9586184295113677,0.4990541843249241,-3.998349440659543,-0.01035956278254102,0.44983826694745704
SAC,1,3,SAC,WE,0,5.21875,1.1756146512794783,1.1345151199165797,0.8125,0.5,87,0.6190476190476191,64,41,-29,0,0.47292069632495165,0.65625,1.0390059599829715,0.5140412461605968,2.9039038282581435,0.00734424860922589,0.7366363710100815
SAC,2,2,SAC,WE,0,4.84375,1.1621073961499493,1.0678981527708438,0.75,0.5,92,0.6190476190476191,62,15,-28,0,0.48325041459369816,0.625,1.010001747030049,0.5107038540998788,6.728292269194985,0.024076544945746625,0.7257417326790078
SAC,3,6,SAC,WE,0,-4.0,1.113624678663239,1.1800411522633745,0.625,0.25,-126,0.38095238095238093,7,-19,42,0,0.46308052121617105,0.4375,0.9450974314293852,0.48514549885321095,-4.757040071725536,-0.015685562790207608,0.31031633067417935
SAC,4,3,SAC,WE,1,2.4411764705882355,1.091124822021832,1.1130085384229031,0.7058823529411765,0.4117647058823529,-29,0.5416666666666666,52,-19,1,0,0.44822208359326265,0.5588235294117647,0.9600518219186136,0.48248854115948353,-1.5382821177444959,-0.0025754732285078186,0.6251527320503156
SAC,5,4,SAC,WE,0,2.088235294117647,1.1158301158301158,1.1971153846153846,0.5882352941176471,0.47058823529411764,38,0.5454545454545454,6,1,-5,0,0.47287076619533047,0.5294117647058824,0.9895525168189687,0.4944904523988775,-5.584470099058332,0.008783645580794364,0.6067958381149652
SAC,6,1,SAC,WE,1,6.9411764705882355,1.1727089627391742,1.1481075150850246,0.8823529411764706,0.5882352941176471,76,0.7727272727272727,64,-24,-39,1,0.4812520378219759,0.7352941176470589,0.9966320768152142,0.5055921224014867,1.6996046143403354,0.021345509006133412,0.8155000084689037
SAC,7,2,SAC,WE,2,3.911764705882353,1.1584474885844749,1.1895101434933202,0.8235294117647058,0.4117647058823529,119,0.5,2,-55,-17,0,0.47700471698113206,0.6176470588235294,1.0010107170093383,0.504165275591803,-2.32021806499922,0.018567099323572145,0.6789671629449321
SAC,8,3,SAC,WE,0,1.3823529411764706,1.1413730803974707,1.1917347429120615,0.7058823529411765,0.4117647058823529,149,0.5454545454545454,-5,-40,-47,0,0.47992916174734357,0.5588235294117647,0.9746340590442338,0.49708867731528833,-3.8499725371765954,0.02115758923125388,0.5649189836998575
SAC,9,4,SAC,WE,0,-0.7647058823529411,1.1787864752200092,1.2081766917293233,0.7647058823529411,0.29411764705882354,34,0.45,-108,-129,-69,0,0.4869616173454439,0.5294117647058824,0.9760687127828259,0.505353370081492,-2.2545629258963293,0.009691952803707715,0.464712485084339
SAC,10,6,SAC,WE,1,-2.3529411764705883,1.1896080218778486,1.2111661413777577,0.4117647058823529,0.29411764705882354,126,0.3,-87,-49,-59,0,0.5001502855425308,0.35294117647058826,1.001617324157444,0.5175778151473808,-1.65663749734454,0.008505986985236746,0.39652717743994986
SAS,4,6,SAS,WE,0,-6.235294117647059,1.071083172147002,1.1153492647058822,0.5294117647058824,0.17647058823529413,-27,0.4166666666666667,-102,27,59,0,0.4562359730682911,0.35294117647058826,0.9031061305861293,0.463032644324035,-3.1831840899051502,-0.012629065496156167,0.21901375383937322
SAS,5,7,SAS,WE,0,-5.088235294117647,1.129381443298969,1.1802296555167249,0.35294117647058826,0.17647058823529413,-31,0.2727272727272727,-82,-23,4,0,0.48987566607460037,0.2647058823529412,0.9402516630138039,0.4942878284724227,-3.479080144222719,0.0017194298914056105,0.2578604384456411
SAS,6,7,SAS,WE,0,-7.647058823529412,1.1680305510092743,1.1661000485672657,0.29411764705882354,0.11764705882352941,-109,0.13636363636363635,-130,-58,-35,0,0.4876062322946176,0.20588235294117646,0.9296873263078325,0.5049814140423042,0.13094856978589853,-0.023801919702703622,0.16878578159550542
SAS,7,6,SAS,WE,0,-2.3529411764705883,1.1188470066518847,1.1507515473032714,0.35294117647058826,0.4117647058823529,-69,0.5,-20,-46,-31,0,0.4616709732988803,0.38235294117647056,0.9789341746502378,0.49457399595402013,-2.4035514661719786,-0.01665893319843348,0.39312052875530573
SAS,8,2,SAS,WE,0,0.9705882352941176,1.1567095588235294,1.1612903225806452,0.5294117647058824,0.6470588235294118,-50,0.5909090909090909,51,-7,34,1,0.4802651401024405,0.5882352941176471,0.9838623127495423,0.5179268112005531,-0.34459846244000847,0.0008720589120990718,0.5457660299389445
SAS,9,1,SAS,WE,1,3.764705882352941,1.2240384615384616,1.0647291941875825,0.8823529411764706,0.5294117647058824,-113,0.5,101,41,-64,0,0.49652882583760943,0.7058823529411765,0.9953922643086269,0.5336720662709192,12.040002170750235,0.010808428848467444,0.6720597942502738
SAS,10,4,SAS,WE,0,-1.3529411764705883,1.1940639269406392,1.1676173760421238,0.5882352941176471,0.29411764705882354,-139,0.5,69,-4,-47,0,0.47229254571026724,0.4411764705882353,1.0113306156191832,0.5303312998896749,2.0099030210671662,-0.02311703630686146,0.4396553017453758
SEA,1,8,SEA,WE,0,-10.90625,1.047126436781609,1.261475886112725,0.25,0.125,-216,0.19047619047619047,-116,-30,30,0,0.4333958724202627,0.1875,0.8413347873371634,0.4585170421372632,-14.486593183594143,-0.06276219509998227,0.08033748032354798
SEA,2,8,SEA,WE,0,-3.96875,1.0549148819330039,1.1702857142857144,0.3125,0.3125,-161,0.2857142857142857,-80,0,17,0,0.4339556181754139,0.3125,0.9043683864825126,0.4600889042172022,-7.669160709814077,-0.03300929340257919,0.2910091474427122
SEA,3,4,SEA,WE,0,2.65625,1.1232032854209446,1.1567656765676568,0.625,0.4375,26,0.47619047619047616,26,26,60,0,0.4651317984651318,0.53125,0.9901154977873544,0.5002469226126242,-2.316912548030985,0.00968846485031194,0.6344036947664777
SEA,4,5,SEA,WE,1,3.3529411764705883,1.1677261613691932,1.1152525747915645,0.7647058823529411,0.29411764705882354,33,0.4583333333333333,92,34,74,0,0.4813624678663239,0.5294117647058824,1.028964045204097,0.5203793452111154,3.5732808611142146,0.011922640057064116,0.6638321585320864
SEA,5,2,SEA,WE,1,5.088235294117647,1.2034567901234567,1.1382604323780794,0.7647058823529411,0.4117647058823529,77,0.5909090909090909,45,-6,-13,0,0.4980891719745223,0.5882352941176471,1.0271508378381295,0.5246637157472314,4.5513991530673605,0.029536784570717622,0.7358010758691457
SEA,6,2,SEA,WE,0,2.676470588235294,1.2090997095837366,1.1128062875635691,0.8235294117647058,0.35294117647058826,79,0.5909090909090909,-48,4,-34,0,0.5001570845114671,0.5882352941176471,1.0157563407918637,0.5272889999662265,6.950744683090381,0.014235062883757199,0.6262563617963275
SEA,7,4,SEA,WE,2,2.0294117647058822,1.2448210922787193,1.160955816050496,0.5294117647058824,0.5294117647058824,117,0.5,-6,12,-1,0,0.5083056478405316,0.5294117647058824,1.0275667716308245,0.5424079301516445,6.360768782081753,0.01684420413499299,0.5909339278428121
SEA,8,4,SEA,WE,2,2.5588235294117645,1.23710407239819,1.1404566996984058,0.7058823529411765,0.29411764705882354,70,0.5,-58,39,-22,0,0.49663299663299665,0.5,1.0494975923742138,0.5414719163431831,7.442220643039221,0.006271172704419348,0.6105995078392569
SEA,9,2,SEA,WE,0,2.5588235294117645,1.1803977272727273,1.111829944547135,0.9411764705882353,0.35294117647058826,70,0.65,32,25,10,0,0.4840570907986638,0.6470588235294118,0.9918096336582236,0.5124736876726746,5.096138308440503,0.014798920227710788,0.6210717428174592
SEA,10,2,SEA,WE,1,2.0,1.2022684310018903,1.151627906976744,0.7647058823529411,0.4117647058823529,26,0.65,19,19,38,0,0.4941069809610154,0.5882352941176471,0.9939686731080838,0.5240865566853997,3.813638966369192,0.014128867854999116,0.5931174021642368
UTA,1,5,SAS,WE,0,0.1875,1.2726793248945147,1.2255600814663952,0.75,0.375,169,0.6190476190476191,19,45,-4,0,0.5274762550881954,0.5625,1.0303089304257531,0.5377518274202175,3.424277929954362,0.02371406514788732,0.5086568156705035
UTA,2,3,SAS,WE,0,0.46875,1.1936181719848566,1.1093117408906883,0.5625,0.625,96,0.5238095238095238,46,8,-23,0,0.5043352601156069,0.59375,0.9807842718998864,0.5142124883504194,5.888466986203283,0.012465725839072128,0.5236979403695121
UTA,3,3,SAS,WE,0,2.3125,1.2653061224489797,1.1340106434446058,0.75,0.5,62,0.5714285714285714,-11,29,-59,0,0.5246502331778814,0.625,1.024982094605593,0.52971485655199,9.670069583246942,0.017106729750574035,0.6064344380633576
WAS,1,4,WAS,EA,0,-1.40625,1.2002206287920574,1.1845333333333334,0.4375,0.4375,35,0.6190476190476191,8,24,2,0,0.4930300807043287,0.4375,0.9970732966175754,0.5262852388599732,1.0705449665306057,0.0014787131405495924,0.42929532265418885
WAS,2,8,WAS,EA,0,-4.59375,1.0067885117493474,1.0668380462724936,0.5,0.125,-13,0.19047619047619047,-63,24,-6,0,0.41910468805075785,0.3125,0.8824890732473254,0.4511503397667496,-4.097696166511164,-0.029407785711606516,0.2646227533620015
WAS,3,3,WAS,EA,1,0.59375,1.117801047120419,1.1119285338938518,0.5625,0.5,49,0.5714285714285714,74,-7,13,1,0.46944542564464853,0.53125,0.9904861370910754,0.5034617416239058,0.3978956571739912,0.00860394928166397,0.5310458435462014
WAS,4,7,WAS,EA,0,-4.9411764705882355,1.063441350981287,1.2287260206591244,0.17647058823529413,0.35294117647058826,-30,0.2916666666666667,-23,-20,111,0,0.4477052763034655,0.2647058823529412,0.9731377234624925,0.48258549840933196,-11.58576309332928,-0.014113914666117333,0.275190749685524
WAS,5,4,WAS,EA,0,-1.7352941176470589,1.1135057471264367,1.184302036761053,0.6470588235294118,0.35294117647058826,-43,0.45,-67,17,25,0,0.4788918205804749,0.5,0.9821703760179087,0.4886835600544803,-4.934098265130607,-0.003406112094650471,0.41372667182040906
WAS,6,5,WAS,EA,1,-1.2352941176470589,1.1498983739837398,1.2313034188034189,0.5882352941176471,0.35294117647058826,-81,0.45,-28,-32,59,0,0.46825396825396826,0.47058823529411764,0.991608616154308,0.5123990145998624,-5.483474465658687,-0.017047991150779707,0.4363975962303515
WAS,7,4,WAS,EA,0,2.6470588235294117,1.2492041837198726,1.264034253092293,0.7647058823529411,0.29411764705882354,59,0.6,-7,24,97,0,0.5037834691501746,0.5294117647058824,1.0502306148914826,0.5464274347549332,-1.1416794563376451,0.007636326211143074,0.6138124535316032
WAS,8,5,WAS,EA,0,-1.588235294117647,1.1912442396313363,1.190884476534296,0.47058823529411764,0.47058823529411764,-90,0.4,-77,30,1,0,0.4828951088493073,0.47058823529411764,0.9702894007312493,0.5090266072244365,0.02813567509219785,-0.004563811688799269,0.42859569520711094
WAS,9,6,WAS,EA,0,-6.852941176470588,1.1112153918348193,1.2409351145038168,0.35294117647058826,0.23529411764705882,39,0.3,-59,-53,49,0,0.4563076923076923,0.29411764705882354,0.9149492821357389,0.4890621902055383,-9.798313628884197,-0.028403366700637034,0.2132480037588033
WAS,10,4,WAS,EA,1,-1.088235294117647,1.1723356009070294,1.2005494505494505,0.6470588235294118,0.29411764705882354,80,0.45454545454545453,-71,-38,-53,0,0.4777327935222672,0.47058823529411764,0.9658623517989775,0.5031375541091837,-2.2138564718195015,-0.005792313434942353,0.45073852119037355
