playerID,year,tmID,stint,is_finals_mvp,playoff_points_per_game,playoff_rebounds_per_game,playoff_assists_per_game,playoff_steals_per_game,playoff_blocks_per_game,playoff_points_per_36,playoff_rebounds_per_36,playoff_assists_per_36,playoff_fg_pct,playoff_three_pct,playoff_ft_pct,playoff_impact,playoff_impact_per_game,playoff_minutes_per_game,playoff_games_started_pct,playoff_ast_to_ratio,playoff_turnover_per_game,is_champion
anderke01w,2,CHA,0,0,0.0,0.0,0.49999750001249993,0.49999750001249993,0.0,0.0,0.0,5.142849795928862,0.0,0.0,0.0,2,0.9999950000249999,3.4999825000874996,0.0,0.5,0.49999750001249993,0
arcaija01w,1,HOU,0,0,8.333319444467593,4.4999925000125005,1.9999966666722224,1.6666638888935186,0.0,8.95522343506351,4.835820654934295,2.1492536244152425,0.44680841557267753,0.2857138775516035,0.8571416326548106,99,16.499972500045835,33.499944166759725,0.9999983333361112,0.7058823529411765,2.66666222222963,1
askamma01w,3,LAS,2,0,0.49999875000312505,0.7499981250046875,0.0,0.0,0.0,2.999998750000521,4.499998125000781,0.0,0.0,0.0,0.9999950000249999,5,1.2499968750078125,5.9999850000375,0.7499981250046875,0.0,0.0,1
atunrmo01w,9,SAS,0,0,1.2499984375019533,0.8749989062513672,0.4999993750007813,0.12499984375019532,0.12499984375019532,8.181816322314472,5.72727142562013,3.2727265289257885,0.4999993750007813,0.49999875000312505,0.0,23,2.874996406254492,5.499993125008594,0.0,2.0,0.12499984375019532,0
barnead01w,5,SEA,0,0,1.1666647222254631,1.333331111114815,0.8333319444467593,0.4999991666680556,0.16666638888935187,6.461536804734152,7.384613491124745,4.615383431952965,0.2727270247936138,0.0,0.24999937500156252,24,3.999993333344445,6.499989166684722,0.0,2.5,0.16666638888935187,1
batteja01w,7,DET,0,0,0.0,0.0,0.24999937500156252,0.0,0.0,0.0,0.0,3.999995555560494,0.0,0.0,0.0,1,0.24999937500156252,2.2499943750140625,0.0,1.0,0.0,1
berezva01w,9,SAS,0,0,0.0,0.0,0.0,0.0,0.0,0.0,0.0,0.0,0.0,0.0,0.0,0,0.0,0.0,0.0,0.0,0.0,0
beviltu01w,5,SEA,0,0,2.749996562504297,1.9999975000031252,1.3749982812521484,0.9999987500015626,0.12499984375019532,7.135134492330226,5.18918872169471,3.567567246165113,0.4705879584776715,0.4285708163274053,0.7499981250046875,58,7.2499909375113285,13.87498265627168,0.0,1.1,1.124998593751758,1
beviltu01w,10,IND,0,0,5.2999947000053,2.2999977000023,1.9999980000020001,1.1999988000012,0.0999999000001,8.517856762595681,3.6964284064094457,3.214285570790823,0.33962257742970237,0.3124999023437805,0.6999993000007,109,10.8999891000109,22.3999776000224,0.9999990000010001,1.6666666666666667,1.0999989000011001,0
bibbyje01w,1,NYL,0,0,1.3333288889037036,0.0,0.6666644444518518,0.0,0.0,17.999977500028127,0.0,8.999988750014063,0.9999950000249999,0.0,0.0,6,1.9999933333555555,2.666657777807407,0.0,0.6666666666666666,0.6666644444518518,0
birdsu01w,5,SEA,0,0,8.499989375013282,3.249995937505078,5.249993437508204,1.4999981250023438,0.0,10.506437317320287,4.017167209563639,6.489270107756648,0.37704911851653794,0.299999850000075,0.7619043990931433,148,18.499976875028906,29.12496359379551,0.9999987500015626,2.4705882352941178,1.9999975000031252,1
blackde01w,5,CON,0,0,1.124998593751758,1.3749982812521484,0.8749989062513672,0.4999993750007813,0.0,4.4383555563896495,5.4246567911429056,3.452054321636394,0.2857140816327988,0.9999900000999989,0.0,31,3.874995156256055,9.124988593764257,0.0,1.0,0.7499990625011719,0
bonnede01w,10,PHO,0,0,8.81817380166018,4.272723388433284,0.2727270247936138,0.45454504132268975,0.5454540495872277,18.774192539021904,9.096773704474531,0.5806451300728425,0.49275355177484753,0.0,0.8285711918368023,158,14.363623305796995,16.909075537204057,0.0,0.375,0.6363630578517656,1
braxtka01w,7,DET,0,0,4.999995000005,2.7999972000028,0.5999994000006,0.7999992000008,0.3999996000004,14.634145151695517,8.195121284949488,1.7560974182034619,0.42307684171599197,0.0,0.5454540495872277,96,9.5999904000096,12.2999877000123,0.0,0.3157894736842105,1.7999982000018,1
braxtka01w,8,DET,0,0,6.999993636369422,5.454540495872276,0.45454504132268975,0.2727270247936138,0.7272720661163036,16.30588139377168,12.705881605536375,1.0588234671280312,0.4687499267578239,0.0,0.7083330381945674,153,13.909078264474305,15.454531404971451,0.0,0.23809523809523808,1.818180165290759,0
braxtka01w,9,DET,0,0,8.555546049393278,5.333327407413992,0.9999988888901234,0.44444395061783265,0.5555549382722909,15.399999144444491,9.599999466666697,1.7999999000000055,0.4999999218750122,0.0,0.6499996750001625,143,15.888871234587517,19.99997777780247,0.9999988888901234,0.5,1.8888867901257889,1
bristre01w,2,CHA,0,0,0.0,0.0,0.0,0.0,0.0,0.0,0.0,0.0,0.0,0.0,0.0,0,0.0,0.0,0.0,0.0,0.0,0
brungje01w,5,CON,0,0,0.9999987500015626,1.624997968752539,0.6249992187509766,0.12499984375019532,0.0,2.8514848661896175,4.6336629075581275,1.7821780413685109,0.19999986666675557,0.1999998000002,0.0,27,3.3749957812552736,12.624984218769727,0.0,1.6666666666666667,0.24999968750039064,0
brungje01w,6,CON,0,0,0.0,0.0,0.0,0.0,0.0,0.0,0.0,0.0,0.0,0.0,0.0,0,0.0,0.0,0.0,0.0,0.0,0
brunsre01w,6,SAC,0,0,6.874991406260743,5.499993125008594,1.2499984375019533,0.6249992187509766,0.4999993750007813,10.206185040918298,8.164948032734637,1.8556700074396901,0.4464284917091979,0.0,0.45454504132268975,118,14.749981562523047,24.24996968753789,0.9999987500015626,1.0,1.124998593751758,1
brunsre01w,7,SAC,0,0,5.999993333340741,3.555551604942661,0.5555549382722909,0.3333329629633745,0.666665925926749,12.623375803676895,7.4805189947714945,1.1688310929330459,0.3333332716049497,0.0,0.6428569132653881,100,11.111098765445817,17.111092098786557,0.0,0.5,0.9999988888901234,0
burseja01w,5,SEA,0,0,3.3749957812552736,2.249997187503516,0.12499984375019532,1.124998593751758,1.2499984375019533,8.91743037454767,5.944953583031781,0.33027519905732117,0.4444442798354519,0.0,0.7499981250046875,65,8.124989843762696,13.62498296877129,0.0,0.1111111111111111,0.9999987500015626,1
byearla01w,2,LAS,0,0,6.428562244911079,3.9999942857224493,0.2857138775516035,0.4285708163274053,0.571427755103207,15.882351384083197,9.882351972318434,0.7058822837370311,0.49999986111114963,0.0,0.6428566836737974,82,11.714268979615744,14.57140775513178,0.0,0.3333333333333333,0.7142846938790088,1
byearla01w,3,LAS,0,0,6.999988333352778,4.833325277791204,0.8333319444467593,1.4999975000041668,0.16666638888935187,11.812499077148509,8.15624936279302,1.4062498901367273,0.6333331222222927,0.0,0.3636360330581518,86,14.33330944448426,21.33329777783704,0.33333277777870374,0.45454545454545453,1.6666638888935186,1
byearla01w,4,LAS,0,0,0.0,0.0,0.0,0.0,0.0,0.0,0.0,0.0,0.0,0.0,0.0,0,0.0,0.0,0.0,0.0,0.0,0
careyja01w,6,CON,0,0,0.8333319444467593,0.33333277777870374,1.1666647222254631,0.16666638888935187,0.0,2.5352109105336744,1.0140843642134698,3.5492952747471445,0.22222197530891633,0.16666638888935187,0.0,15,2.499995833340278,11.833313611143982,0.0,1.4,0.6666655555574075,0
cashsw01w,4,DET,0,0,16.249979687525393,6.3749920312599615,4.374994531256836,0.4999993750007813,0.6249992187509766,16.19377106595948,6.352940956645642,4.359861440835245,0.4134614987056251,0.1999998000002,0.8076921523668937,225,28.124964843793947,36.12495484380645,0.9999987500015626,1.206896551724138,3.499995625005469,1
cashsw01w,7,DET,0,0,7.599992400007601,6.0999939000061,3.1999968000032,0.2999997000003,0.2999997000003,10.324527912281965,8.286792140121053,4.347169647276617,0.3624999546875057,0.0,0.7199997120001153,175,17.499982500017502,26.499973500026503,0.9999990000010001,1.391304347826087,2.1999978000022002,1
cashsw01w,8,DET,0,0,8.636355785131105,3.8181783471105937,1.636362148761683,0.45454504132268975,0.1818180165290759,12.346569951387368,5.458483557455468,2.3393500960523435,0.45054940103852736,0.0,0.5652171455577628,162,14.727259338855147,25.181795289277012,0.9999990909099173,0.9473684210526315,1.636362148761683,0
catchta01w,10,IND,0,0,17.1999828000172,10.3999896000104,5.3999946000054,3.2999967000033,1.3999986000014,17.34453732928467,10.487394664218638,5.445377998728907,0.4590163558183315,0.24999993055557482,0.8499998583333569,377,37.699962300037704,35.6999643000357,0.9999990000010001,1.542857142857143,3.3999966000034,0
coopeca01w,3,NYL,0,0,0.9999966666777778,0.6666644444518518,0.0,0.6666644444518518,0.0,7.1999952000032,4.799996800002133,0.0,0.49999750001249993,0.0,0.49999750001249993,7,2.333325555581481,4.999983333388888,0.0,0.0,0.6666644444518518,0
coopecy01w,1,HOU,0,1,22.666628888951852,2.499995833340278,3.6666605555657408,1.4999975000041668,0.16666638888935187,21.473683268698103,2.3684209487534673,3.4736840581717514,0.37815122872678747,0.3437498925781585,0.8974356673241878,183,30.499949166751392,37.99993666677222,0.9999983333361112,1.1578947368421053,2.9999950000083335,1
darlihe01w,9,SAS,0,0,1.9999966666722224,1.1666647222254631,0.8333319444467593,0.4999991666680556,0.0,8.150941858312857,4.754716084015833,3.3962257742970237,0.38461508875762407,0.2857138775516035,0.0,27,4.4999925000125005,8.833318611135649,0.0,0.625,1.1666647222254631,0
davenje01w,10,IND,0,0,4.1111065432149525,1.2222208641990397,0.3333329629633745,0.22222197530891633,0.8888879012356653,24.218177414876834,7.199998690909329,1.963636006611635,0.5599997760000897,0.0,0.8181810743808415,61,6.777770246921948,6.111104320995199,0.0,0.75,0.3333329629633745,0
derevje01w,5,CON,0,0,0.0,0.0,0.0,0.0,0.0,0.0,0.0,0.0,0.0,0.0,0.0,0,0.0,0.9999900000999989,0.0,0.0,0.0,0
derevje01w,6,CON,0,0,0.7499990625011719,0.4999993750007813,1.7499978125027345,0.6249992187509766,0.0,2.6341460202260953,1.7560973468173966,6.146340713860889,0.39999920000160005,0.0,0.49999875000312505,29,3.6249954687556643,10.249987187516016,0.12499984375019532,2.0,0.7499990625011719,0
derevje01w,8,PHO,0,0,0.0,0.0,0.0,0.0,0.0,0.0,0.0,0.0,0.0,0.0,0.0,0,0.0,1.9999800001999979,0.0,0.0,0.0,1
desouer01w,3,LAS,0,0,2.9999700002999967,0.9999900000999989,0.0,0.0,0.0,35.9998800004,11.999960000133333,0.0,0.0,0.0,0.7499981250046875,4,3.9999600003999958,2.9999700002999967,0.0,0.0,0.0,1
dixonta01w,2,LAS,0,0,13.571409183701167,2.42856795918863,4.142851224498251,1.2857124489822158,0.2857138775516035,13.51778602696498,2.41897223640426,4.126482050336678,0.4819276527798009,0.46153810650914884,0.8181810743808415,152,21.714254693921866,36.142805510277846,0.9999985714306123,1.380952380952381,2.8571387755160353,1
dixonta01w,3,LAS,0,0,12.1999756000488,3.9999920000160003,3.3999932000136,2.3999952000096,0.0,14.938774493960919,4.8979588504789895,4.163265022907141,0.5681816890496161,0.49999875000312505,0.8999991000009,110,21.999956000088,29.399941200117603,0.7999984000032001,1.2142857142857142,2.5999948000104003,1
dixonta01w,4,LAS,0,0,12.222208641990399,3.222218641979287,3.222218641979287,1.5555538271624143,0.22222197530891633,12.531645173049204,3.303797363803881,3.303797363803881,0.4255318696242692,0.33333305555578707,0.9629626063101459,184,20.444421728420302,35.11107209880878,0.9999988888901234,2.4166666666666665,1.2222208641990397,0
dixonta01w,10,IND,0,0,2.0999979000021,0.6999993000007,0.1999998000002,0.0999999000001,0.0,12.193546420395737,4.064515473465246,1.1612901352757845,0.3461537130178027,0.0,0.5999988000024,31,3.0999969000031,6.1999938000062,0.0,0.3333333333333333,0.49999950000050003,0
douglka01w,5,CON,0,0,10.249987187516016,3.9999950000062503,2.749996562504297,1.2499984375019533,0.0,11.014924962129665,4.298507302294504,2.9552237703274713,0.34848479568412183,0.2972972169466981,0.9259255829905249,146,18.249977187528515,33.499958125052345,0.9999987500015626,1.2941176470588236,1.9999975000031252,0
douglka01w,6,CON,0,0,11.99998500001875,4.624994218757227,2.249997187503516,1.3749982812521484,0.12499984375019532,12.431654229077187,4.791366734123499,2.3309351679519725,0.4626864981064928,0.39473673822717414,0.6551721878716593,163,20.374974531281836,34.749956562554296,0.9999987500015626,2.0,0.9999987500015626,0
douglka01w,10,IND,0,0,15.4999845000155,3.4999965000035003,3.9999960000040002,1.3999986000014,0.5999994000006,15.457063283737861,3.4903046124569364,3.9889195570936415,0.36170210200694314,0.3103447740784872,0.8139532990806281,250,24.999975000025,36.0999639000361,0.9999990000010001,2.0,1.8999981000019002,0
dydekma01w,6,CON,0,0,4.499994375007032,5.249993437508204,0.4999993750007813,0.37499953125058594,1.624997968752539,8.87671172077317,10.356163674235365,0.98630130230813,0.3684209556786958,0.9999900000999989,0.6363630578517656,98,12.249984687519142,18.249977187528515,0.9999987500015626,0.23529411764705882,1.9999975000031252,0
edwarsi01w,5,SEA,0,0,1.7142832653096212,1.9999971428612247,0.14285693877580175,0.0,0.14285693877580175,7.999998518518793,9.333331604938591,0.6666665432098993,0.666665925926749,0.0,0.0,28,3.9999942857224493,7.7142746938932945,0.0,0.3333333333333333,0.2857138775516035,1
edwarto01w,2,CHA,2,0,2.749996562504297,1.9999975000031252,1.4999981250023438,0.6249992187509766,0.0,6.655461625591459,4.840335727702881,3.63025179577716,0.4285712244898931,0.49999875000312505,0.9999950000249999,55,6.874991406260743,14.874981406273243,0.0,1.0,1.3749982812521484,0
enissh01w,2,CHA,0,0,4.249994687506641,1.8749976562529298,0.4999993750007813,0.24999968750039064,0.12499984375019532,12.118810681305872,5.346534124105532,1.4257424330948087,0.49999977272737606,0.7499981250046875,0.7499993750005208,56,6.999991250010938,12.624984218769727,0.0,0.5,0.8749989062513672,0
erbsu01w,2,CHA,0,0,1.9999950000125002,0.9999975000062501,0.0,0.0,0.0,19.199987200008533,9.599993600004266,0.0,0.7999984000032001,0.0,0.0,12,2.99999250001875,3.749990625023438,0.0,0.0,0.7499981250046875,0
farriba01w,4,DET,0,0,3.874995156256055,2.4999968750039065,0.4999993750007813,0.12499984375019532,0.0,8.39097681270851,5.413533427553877,1.0827066855107754,0.399999840000064,0.0,0.6470584429067983,56,6.999991250010938,16.624979218775977,0.0,0.36363636363636365,1.2499984375019533,1
feastal01w,2,CHA,0,0,7.999990000012501,4.249994687506641,1.7499978125027345,1.124998593751758,0.4999993750007813,9.290322206035395,4.9354836719563036,2.0322579825702425,0.3513513038714454,0.31428562448982156,0.9999900000999989,125,15.624980468774416,30.99996125004844,0.9999987500015626,1.4,1.124998593751758,0
feifesu01w,6,SAC,0,0,0.0,0.0,0.0,0.0,0.0,0.0,0.0,0.0,0.0,0.0,0.0,0,0.0,0.0,0.0,0.0,0.0,1
ferrama01w,1,NYL,0,0,1.9999933333555555,0.9999966666777778,0.3333322222259259,0.3333322222259259,0.0,17.9999850000125,8.99999250000625,2.9999975000020838,0.6666644444518518,0.9999950000249999,0.0,11,3.666654444485185,3.999986666711111,0.0,1.0,0.0,0
figgsuk01w,2,LAS,0,0,8.285702448996503,2.1428540816370263,5.857134489807872,0.571427755103207,0.571427755103207,8.736401308100364,2.2594141314052667,6.175731959174395,0.33962257742970237,0.27777770061730533,0.749999531250293,122,17.428546530647814,34.14280836741662,0.9999985714306123,5.857142857142857,0.8571416326548106,1
firsool01w,1,NYL,0,0,1.9999933333555555,0.3333322222259259,0.0,0.0,0.0,35.999940000100004,5.999990000016667,0.0,0.7499981250046875,0.0,0.0,7,2.333325555581481,1.9999933333555555,0.0,0.0,0.0,0
fordch01w,4,DET,0,0,8.374989531263086,9.999987500015626,0.4999993750007813,1.3749982812521484,0.7499990625011719,10.396551276010722,12.41379256837101,0.6206896284185506,0.32432428049671885,0.0,0.8260865973536533,168,20.999973750032815,28.999963750045314,0.9999987500015626,0.36363636363636365,1.2499984375019533,1
fordch01w,7,DET,0,0,13.399986600013401,10.2999897000103,1.1999988000012,1.2999987000013,0.6999993000007,16.808361783680777,12.919860177008358,1.5052264283893233,0.522727213326453,0.0,0.7499998660714524,269,26.8999731000269,28.6999713000287,0.9999990000010001,0.6,1.8999981000019002,1
fordch01w,8,DET,0,0,6.8999931000069,9.1999908000092,0.3999996000004,0.49999950000050003,0.2999997000003,10.894736364265949,14.526315152354599,0.6315789196675913,0.41538455147929976,0.0,0.45454531680444943,173,17.2999827000173,22.799977200022802,0.7999992000008,0.26666666666666666,1.3999986000014,0
fordch01w,9,DET,0,0,0.0,0.0,0.0,0.0,0.0,0.0,0.0,0.0,0.0,0.0,0.0,0,0.0,0.0,0.0,0.0,0.0,1
francde01w,1,NYL,0,0,0.0,0.49999750001249993,0.0,0.0,0.0,0.0,8.99997750005625,0.0,0.0,0.0,0.0,1,0.49999750001249993,1.9999900000499997,0.0,0.0,0.0,0
friertr01w,5,SEA,0,0,0.0,0.0,0.0,0.0,0.0,0.0,0.0,0.0,0.0,0.0,0.0,0,0.0,0.0,0.0,0.0,0.0,1
frohlli01w,3,NYL,0,0,0.3333322222259259,1.6666611111296294,0.6666644444518518,0.3333322222259259,0.0,1.79999910000045,8.999995500002251,3.5999982000009,0.0,0.0,0.49999750001249993,9,2.9999900000333333,6.666644444518518,0.0,0.5,0.9999966666777778,0
futreca01w,5,CON,0,0,0.9999950000249999,0.0,0.0,0.0,0.0,23.999920000266666,0.0,0.0,0.9999900000999989,0.0,0.0,2,0.9999950000249999,1.4999925000374998,0.0,0.0,0.0,0
gaithka01w,3,LAS,1,0,0.0,0.0,0.0,0.0,0.0,0.0,0.0,0.0,0.0,0.0,0.0,0,0.0,0.0,0.0,0.0,0.0,1
gibsoke01w,1,HOU,0,0,0.0,0.0,0.0,0.0,0.0,0.0,0.0,0.0,0.0,0.0,0.0,0,0.0,2.9999700002999967,0.0,0.0,0.0,1
gilloje01w,4,LAS,0,0,0.0,0.16666638888935187,0.0,0.16666638888935187,0.16666638888935187,0.0,1.6363628925623217,0.0,0.0,0.0,0.0,3,0.4999991666680556,3.6666605555657408,0.0,0.0,0.0,0
givench01w,9,DET,0,0,0.0,0.0,0.0,0.0,0.0,0.0,0.0,0.0,0.0,0.0,0.0,0,0.0,0.0,0.0,0.0,0.0,1
grecomi01w,5,SEA,0,0,0.49999875000312505,0.0,0.24999937500156252,0.0,0.0,11.999980000033334,0.0,5.999990000016667,0.9999900000999989,0.0,0.0,3,0.7499981250046875,1.499996250009375,0.0,0.5,0.24999937500156252,1
grginve01w,2,LAS,0,0,0.9999975000062501,0.24999937500156252,0.0,0.0,0.0,20.57139918371545,5.142849795928862,0.0,0.3333322222259259,0.0,0.9999950000249999,5,1.2499968750078125,1.7499956250109376,0.0,0.0,0.0,1
grginve01w,3,LAS,0,0,0.0,0.0,1.9999800001999979,0.0,0.0,0.0,0.0,14.399971200057601,0.0,0.0,0.0,2,1.9999800001999979,4.999950000499995,0.0,2.0,0.0,1
griffyo01w,6,SAC,0,1,17.249978437526956,8.24998968751289,1.3749982812521484,1.2499984375019533,0.4999993750007813,20.19512113027963,9.65853619274243,1.6097560321237385,0.49074069530178743,0.0,0.7111109530864548,229,28.624964218794727,30.749961562548048,0.9999987500015626,1.0,1.2499984375019533,1
griffyo01w,7,SAC,0,0,14.777761358042936,7.111103209885322,1.7777758024713306,1.1111098765445817,0.5555549382722909,20.20253079314216,9.721518577151114,2.4303796442877785,0.4845360325220585,0.0,0.7647057324106407,228,25.333305185216464,26.333304074106586,0.9999988888901234,1.4545454545454546,1.1111098765445817,0
griffyo01w,10,IND,0,0,0.0,0.0,0.0,0.0,0.0,0.0,0.0,0.0,0.0,0.0,0.0,0,0.0,0.0,0.0,0.0,0.0,0
hallvi01w,3,LAS,0,0,0.0,0.0,0.0,0.0,0.0,0.0,0.0,0.0,0.0,0.0,0.0,0,0.0,0.0,0.0,0.0,0.0,1
hammobe01w,1,NYL,0,0,9.428557959202916,1.4285693877580177,2.1428540816370263,1.2857124489822158,0.0,11.533980022622329,1.747572730700353,2.6213590960505293,0.4285713411078895,0.30434769376187226,0.8947363711913836,100,14.285693877580176,29.42852938781516,0.9999985714306123,0.8333333333333334,2.42856795918863,0
hammobe01w,3,NYL,0,0,9.87498765626543,2.1249973437533205,1.9999975000031252,0.6249992187509766,0.0,15.540982757323347,3.3442621123354037,3.1475408116097916,0.5370369375857522,0.4242422956841528,0.8749989062513672,117,14.624981718772853,22.874971406285745,0.0,1.3333333333333333,1.3749982812521484,0
hammobe01w,9,SAS,0,0,18.111090987676683,2.3333307407436217,4.555550493832785,0.9999988888901234,0.5555549382722909,17.728096141145134,2.2839878464052012,4.459214366791107,0.42056070835881226,0.45833323784724206,0.8947366851339148,239,26.5555260494155,36.77773691362565,0.9999988888901234,1.28125,3.444440617288203,0
haynikr01w,6,SAC,0,0,2.249997187503516,1.7499978125027345,0.9999987500015626,0.9999987500015626,0.0,6.29126152512024,4.893203408426854,2.7961162333867735,0.36842085872586383,0.0,0.6666655555574075,48,5.999992500009375,12.874983906270117,0.0,1.6,0.4999993750007813,1
haynikr01w,7,SAC,0,0,5.777771358031825,1.8888867901257889,1.999997777780247,0.8888879012356653,0.0,14.857141678004629,4.857142471655359,5.142856734693909,0.466666562962986,0.29411747404854466,0.9999980000040001,95,10.555543827173526,13.99998444446173,0.0,1.8,0.9999988888901234,0
hledeko01w,3,NYL,0,0,1.4999925000374998,1.4999925000374998,0.49999750001249993,0.49999750001249993,0.0,8.99999250000625,8.99999250000625,2.9999975000020838,0.0,0.0,0.7499981250046875,8,3.9999800000999994,5.999970000149999,0.0,0.3333333333333333,0.9999950000249999,0
hoffmeb01w,10,IND,0,0,11.8999881000119,4.7999952000048,0.7999992000008,1.0999989000011001,0.49999950000050003,14.522033406032767,5.857626920080444,0.9762711533467406,0.5529411114186927,0.39999973333351113,0.8636359710745586,191,19.0999809000191,29.4999705000295,0.9999990000010001,0.42105263157894735,1.7999982000018,0
hollake01w,4,DET,0,0,8.124989843762696,1.4999981250023438,1.8749976562529298,1.2499984375019533,0.0,15.096773219563017,2.7870965943808645,3.483870742976081,0.39622634033465276,0.4687498535156707,0.7999992000008,102,12.749984062519923,19.374975781280273,0.0,1.1538461538461537,1.4999981250023438,1
hollake01w,7,DET,0,0,0.0,0.37499953125058594,0.6249992187509766,0.12499984375019532,0.0,0.0,3.272726280992036,5.454543801653393,0.0,0.0,0.0,9,1.124998593751758,4.124994843756445,0.0,1.0,0.4999993750007813,1
hornbal01w,9,DET,0,0,6.333326296304116,4.888883456796159,2.111108765434705,1.2222208641990397,0.7777769135812072,9.327272303305804,7.199999672727287,3.1090907677686013,0.4285713265306365,0.3749997656251465,0.7499996250001875,138,15.333316296315227,24.444417283980798,0.0,1.4615384615384615,1.333331851853498,1
humphta01w,9,DET,1,0,0.0,0.0,0.0,0.0,0.0,0.0,0.0,0.0,0.0,0.0,0.0,0,0.0,0.0,0.0,0.0,0.0,1
irvinsa01w,9,SAS,0,0,0.6666644444518518,0.3333322222259259,0.3333322222259259,0.0,0.3333322222259259,17.9999550001125,8.99997750005625,8.99997750005625,0.3333322222259259,0.0,0.0,5,1.6666611111296294,1.3333288889037036,0.0,1.0,0.0,0
jacksla01w,5,SEA,0,0,19.624975468780665,7.499990625011719,1.3749982812521484,0.9999987500015626,1.124998593751758,19.69337910476031,7.526132141946616,1.379790892690213,0.4690265071657958,0.7272723966943652,0.8974356673241878,245,30.624961718797852,35.87495515630606,0.9999987500015626,0.6470588235294118,1.9999975000031252,1
jacksta01w,1,HOU,0,0,2.66666222222963,2.8333286111189815,0.0,0.6666655555574075,0.6666655555574075,6.127658922589476,6.510637605251318,0.0,0.5714281632655976,0.0,0.0,41,6.833321944463426,15.666640555599075,0.0,0.0,0.33333277777870374,1
januabr01w,10,IND,0,0,10.5999894000106,2.3999976000024,2.9999970000030003,0.3999996000004,0.0,16.73684137119117,3.7894735180055474,4.736841897506935,0.3846153353057262,0.41379296076104805,0.849999787500053,164,16.3999836000164,22.799977200022802,0.0,2.142857142857143,1.2999987000013,0
johnsch01w,4,LAS,0,0,0.0,0.0,0.0,0.0,0.0,0.0,0.0,0.0,0.0,0.0,0.0,0,0.0,0.0,0.0,0.0,0.0,0
johnssh01w,8,DET,0,0,5.181813471078663,2.2727252066134485,2.5454522314070624,0.45454504132268975,0.1818180165290759,11.032257471384005,4.838709417273687,5.41935454734653,0.35849049839801916,0.3461537130178027,0.7692301775152481,117,10.63635396695094,16.909075537204057,0.09090900826453795,2.0,1.1818171074389934,0
johnste01w,10,PHO,0,0,7.545447685956649,1.9090891735552968,3.09090628099429,0.7272720661163036,0.1818180165290759,11.191010816816076,2.8314605681100913,4.584269491225862,0.3947367901662118,0.4814813031550729,0.8333326388894676,148,13.454533223151616,24.27270520663163,0.9999990909099173,1.8888888888888888,1.545453140497145,1
johnsti01w,1,HOU,0,0,3.6666605555657408,4.833325277791204,0.16666638888935187,0.4999991666680556,0.33333277777870374,5.8666662320987975,7.7333327604938695,0.2666666469135817,0.49999975000012503,0.0,0.9999950000249999,57,9.499984166693055,22.4999625000625,0.9999983333361112,0.125,1.1666647222254631,1
johnsvi01w,1,NYL,0,0,10.285699591857727,4.999992857153061,3.4285665306192423,1.142855510206414,0.0,10.936708399295004,5.316455471879515,3.645569466431668,0.38028163658005115,0.27272714876038695,0.8571422448983965,139,19.857114489836444,33.85709448986502,0.9999985714306123,1.7142857142857142,1.8571402040854228,0
johnsvi01w,3,NYL,0,0,12.249984687519142,3.7499953125058596,2.9999962500046875,0.8749989062513672,0.0,14.459015800860008,4.42622932679388,3.5409834614351037,0.4799999360000085,0.5185183264746939,0.749999531250293,159,19.874975156281057,30.499961875047656,0.9999987500015626,2.0,1.3749982812521484,0
johnsvi01w,9,SAS,0,0,8.333324074084363,4.666661481487243,3.1111076543248286,0.9999988888901234,0.0,9.85401423890459,5.518247973786571,3.6788319825243807,0.492307616568059,0.3999996000004,0.6363630578517656,154,17.111092098786557,30.444410617321537,0.9999988888901234,1.4,2.111108765434705,0
jonesas01w,5,CON,0,0,7.374990781261523,2.624996718754102,1.3749982812521484,0.6249992187509766,0.12499984375019532,12.421051905201642,4.421052373037873,2.3157893382579333,0.49056594517623675,0.0,0.6363630578517656,97,12.124984843768946,21.3749732812834,0.0,0.5789473684210527,2.249997187503516,0
jonesas01w,6,CON,0,0,8.874988906263868,3.499995625005469,0.8749989062513672,0.24999968750039064,0.4999993750007813,14.359549755081474,5.662921030172976,1.415730257543244,0.48333325277779116,0.0,0.5652171455577628,112,13.999982500021876,22.249972187534766,0.0,0.5833333333333334,1.3749982812521484,0
lacyje01w,8,PHO,0,0,1.9999800001999979,0.0,0.0,0.0,0.0,23.999920000266666,0.0,0.0,0.49999750001249993,0.0,0.0,2,1.9999800001999979,2.9999700002999967,0.0,0.0,0.0,1
lacyve01w,1,NYL,0,0,0.0,0.0,0.0,0.0,0.0,0.0,0.0,0.0,0.0,0.0,0.0,0,0.0,0.0,0.0,0.0,0.0,0
lambesh01w,4,DET,0,0,0.7142846938790088,0.2857138775516035,0.14285693877580175,0.0,0.0,12.857133673475948,5.142853469390379,2.5714267346951893,0.33333277777870374,0.3333322222259259,0.0,8,1.142855510206414,1.9999971428612247,0.0,0.2,0.571427755103207,1
lambmo01w,1,HOU,0,0,0.0,0.0,0.0,0.0,0.0,0.0,0.0,0.0,0.0,0.0,0.0,0,0.0,0.0,0.0,0.0,0.0,1
lattaiv01w,8,DET,0,0,1.8999981000019002,0.2999997000003,0.2999997000003,0.1999998000002,0.0,14.553188392938639,2.297871851516627,2.297871851516627,0.2631577562327599,0.3333331111112593,0.6666655555574075,27,2.6999973000027,4.699995300004701,0.0,1.0,0.1999998000002,0
lawsoed01w,9,SAS,0,0,4.99999000002,2.3999952000096,1.7999964000072002,0.5999988000024,0.0,10.714284438775662,5.142856530612318,3.8571423979592385,0.31818167355378474,0.46666635555576297,0.9999975000062501,49,9.799980400039201,16.799966400067202,0.0,1.5,0.9999980000040001,0
lawsoka01w,6,SAC,0,0,11.249985937517579,3.6249954687556643,2.249997187503516,0.9999987500015626,0.12499984375019532,15.57692232803258,5.019230527921609,3.1153844656065157,0.43283575629317067,0.51724120095131,0.9444439197533779,146,18.249977187528515,25.999967500040626,0.24999968750039064,1.5,1.3749982812521484,1
lawsoka01w,7,SAC,0,0,12.222208641990399,3.444440617288203,1.5555538271624143,0.9999988888901234,0.11111098765445816,13.702421671196483,3.861591561882645,1.743944576334098,0.44827581054301024,0.4374999088541856,0.7857137244901968,165,18.333312962985598,32.11107543213841,0.9999988888901234,1.0769230769230769,1.333331851853498,0
lennobe01w,5,SEA,0,1,14.624981718772853,3.6249954687556643,2.624996718754102,0.9999987500015626,0.12499984375019532,16.780875825463113,4.159362384089148,3.011952071236969,0.45360820065894836,0.4444441975310014,0.8749996354168186,176,21.999972500034374,31.374960781299023,0.9999987500015626,0.875,2.874996406254492,1
leslili01w,2,LAS,0,1,22.285682449025074,12.28569673471895,2.999995714291837,1.7142832653096212,4.428565102049855,21.599999169230802,11.90769184970416,2.9076921958579924,0.49152538207412017,0.4285708163274053,0.7399998520000296,306,43.71422326539534,37.142804081708455,0.9999985714306123,0.7777777777777778,3.7142804081708456,1
leslili01w,3,LAS,0,1,19.333301111164815,7.833320277799538,1.8333302777828704,1.8333302777828704,2.8333286111189815,17.999999224137962,7.293103133917968,1.7068964781510139,0.5348836587344583,0.6249992187509766,0.7307689497042501,202,33.66661055564908,38.66660222232963,0.9999983333361112,1.2222222222222223,1.333331111114815,1
leslili01w,4,LAS,0,0,20.777754691383677,8.888879012356654,2.5555527160525378,1.333331851853498,3.1111076543248286,20.587155333726137,8.807339180203694,2.5321100143085626,0.5401459459747484,0.3333322222259259,0.7037035733882271,330,36.666625925971196,36.33329296300782,0.9999988888901234,0.92,2.666663703706996,0
levanni01w,2,LAS,0,0,0.0,0.0,0.0,0.0,0.0,0.0,0.0,0.0,0.0,0.0,0.0,0,0.0,1.6666611111296294,0.0,0.0,0.0,1
liebena01w,9,DET,0,0,0.0,0.0,0.0,0.0,0.0,0.0,0.0,0.0,0.0,0.0,0.0,0,0.0,0.0,0.0,0.0,0.0,1
lovelst01w,9,DET,2,0,0.0,0.0,0.0,0.0,0.0,0.0,0.0,0.0,0.0,0.0,0.0,0,0.0,0.0,0.0,0.0,0.0,1
mabikmw01w,2,LAS,0,0,8.999987142875511,6.5714191836868805,2.42856795918863,0.9999985714306123,0.8571416326548106,9.81818139315232,7.1688308584921705,2.64935053466015,0.31818176997245906,0.24999993750001562,0.7857137244901968,139,19.857114489836444,32.999952857210204,0.9999985714306123,1.5454545454545454,1.4285693877580177,1
mabikmw01w,3,LAS,0,0,14.666642222262963,6.833321944463426,4.166659722233796,1.333331111114815,0.16666638888935187,14.943395521537946,6.962263822534726,4.245282818618735,0.37804873438430064,0.3199998720000512,0.6923074260356054,163,27.166621388964355,35.333274444542596,0.9999983333361112,2.272727272727273,1.6666638888935186,1
mabikmw01w,4,LAS,0,0,14.333317407425103,5.5555493827229085,2.3333307407436217,1.5555538271624143,0.22222197530891633,13.49999960755815,5.23255798742564,2.197674354718769,0.4380164927259097,0.35294107266439034,0.8461531952667729,216,23.999973333362963,38.22217975313361,0.9999988888901234,1.0,2.2222197530891634,0
machacl01w,2,CHA,0,0,4.749994062507422,2.374997031253711,0.24999968750039064,0.37499953125058594,0.37499953125058594,10.363635578512456,5.181817789256228,0.5454545041322345,0.5312498339844268,0.0,0.6666655555574075,65,8.124989843762696,16.49997937502578,0.0,0.2857142857142857,0.7499990625011719,0
mahonsh01w,1,NYL,0,0,0.0,0.0,0.0,0.0,0.0,0.0,0.0,0.0,0.0,0.0,0.0,0,0.0,0.0,0.0,0.0,0.0,0
maigaha01w,6,SAC,0,0,3.7499953125058596,1.624997968752539,0.4999993750007813,0.6249992187509766,0.37499953125058594,13.170730101130475,5.707316377156539,1.7560973468173966,0.49999980769238167,0.0,0.6666655555574075,55,6.874991406260743,10.249987187516016,0.0,0.4444444444444444,0.9999987500015626,1
maigaha01w,7,SAC,0,0,3.999995555560494,1.6666648148168726,1.333331851853498,0.666665925926749,0.11111098765445816,10.983049916690684,4.576270798621119,3.661016638896895,0.38095229024945465,0.0,0.7999984000032001,70,7.777769135812072,13.111096543226063,0.0,1.0909090909090908,1.1111098765445817,0
mapprh01w,2,LAS,0,0,1.1999976000048,1.3999972000056,0.5999988000024,0.0,0.0,7.999997037038135,9.33332987654449,3.9999985185190674,0.3333329629633745,0.0,0.0,16,3.1999936000128004,5.399989200021601,0.0,1.0,0.39999920000160005,1
mapprh01w,4,LAS,0,0,0.0,0.0,0.0,0.0,0.0,0.0,0.0,0.0,0.0,0.0,0.0,0,0.0,0.0,0.0,0.0,0.0,0
mazzake01w,8,PHO,0,0,6.444437283958574,1.999997777780247,0.666665925926749,0.44444395061783265,0.0,15.938930080997704,4.94656450789584,1.6488548359652795,0.42222212839508255,0.4285713265306365,0.9999950000249999,86,9.555544938283402,14.55553938273402,0.0,3.0,0.11111098765445816,1
mazzake01w,10,PHO,0,0,0.0,0.49999875000312505,0.0,0.0,0.0,0.0,5.142853469390379,0.0,0.0,0.0,0.0,2,0.49999875000312505,3.4999912500218753,0.0,0.0,0.24999937500156252,1
mccrini01w,2,LAS,0,0,0.7142846938790088,0.571427755103207,0.8571416326548106,0.7142846938790088,0.0,4.39024283164809,3.5121942653184712,5.268291397977708,0.49999750001249993,0.9999900000999989,0.49999875000312505,20,2.8571387755160353,5.857134489807872,0.0,1.2,0.571427755103207,1
mccrini01w,3,LAS,0,0,1.5999968000064002,0.19999960000080003,0.39999920000160005,0.39999920000160005,0.0,13.090903140498574,1.6363628925623217,3.2727257851246434,0.4285708163274053,0.49999750001249993,0.9999900000999989,13,2.5999948000104003,4.399991200017601,0.0,1.0,0.19999960000080003,1
mccrini01w,4,LAS,0,0,1.2857124489822158,0.571427755103207,0.9999985714306123,0.2857138775516035,0.0,5.9999988888890945,2.666666172839597,4.6666658024692955,0.2222220987655007,0.16666638888935187,0.0,22,3.1428526530676386,7.7142746938932945,0.0,1.4,0.571427755103207,0
mckivte01w,8,PHO,0,0,0.0,0.0,0.0,0.0,0.0,0.0,0.0,0.0,0.0,0.0,0.0,0,0.0,0.0,0.0,0.0,0.0,1
mcwilta01w,5,CON,0,0,10.374987031266212,7.374990781261523,1.8749976562529298,1.4999981250023438,0.7499990625011719,11.857142386621334,8.428571094104322,2.1428570578231327,0.40229880433347076,0.49999750001249993,0.6666662962965021,175,21.874972656284182,31.49996062504922,0.9999987500015626,1.0714285714285714,1.624997968752539,0
mcwilta01w,6,CON,0,0,15.874980156274805,9.374988281264649,1.624997968752539,1.124998593751758,1.3749982812521484,16.09859098244398,9.50704191876613,1.6478872659194626,0.510638243549123,0.3333322222259259,0.7894734764543483,235,29.3749632812959,35.49995562505547,0.9999987500015626,0.7647058823529411,1.9999975000031252,0
mcwilta01w,9,DET,2,0,12.888874567917147,6.999992222230865,2.111108765434705,0.9999988888901234,1.333331851853498,14.25255924052699,7.74061407028621,2.334470910086317,0.4897958683881767,0.49999750001249993,0.8636359710745586,219,24.333306296326338,32.555519382756245,0.9999988888901234,1.0555555555555556,1.8888867901257889,1
miaomi01w,6,SAC,0,0,0.0,0.0,0.0,0.0,0.0,0.0,0.0,0.0,0.0,0.0,0.0,0,0.0,0.0,0.0,0.0,0.0,1
milleke01w,2,CHA,0,0,0.0,0.0,0.0,0.0,0.0,0.0,0.0,0.0,0.0,0.0,0.0,0,0.0,3.9999800000999994,0.0,0.0,0.0,0
milleke01w,8,PHO,0,0,11.666653703718108,5.333327407413992,3.555551604942661,1.333331851853498,0.11111098765445816,12.727272298745042,5.818181622283447,3.878787748188965,0.45454539551358497,0.30769218934915793,0.818181570248009,198,21.99997555558272,32.999963333374076,0.9999988888901234,1.6842105263157894,1.999997777780247,1
millsta01w,8,DET,0,0,0.0,0.0,0.0,0.0,0.0,0.0,0.0,0.0,0.0,0.0,0.0,0,0.0,0.0,0.0,0.0,0.0,0
miltode01w,2,LAS,0,0,12.28569673471895,6.285705306135277,2.8571387755160353,0.9999985714306123,1.4285693877580177,13.69911443809228,7.008849247396051,3.185840566998205,0.5468749145507946,0.37499953125058594,0.6842101662051757,167,23.857108775558892,32.285668163331195,0.9999985714306123,1.6666666666666667,1.5714263265338193,1
miltode01w,3,LAS,0,0,12.999978333369445,6.833321944463426,1.333331111114815,1.6666638888935186,1.4999975000041668,13.764705207612488,7.235293762975796,1.411764636678204,0.44999992500001246,0.5624996484377197,0.9374994140628662,146,24.333292777845372,33.99994333342778,0.4999991666680556,0.6666666666666666,1.8333302777828704,1
miltode01w,4,LAS,0,0,14.55553938273402,6.333326296304116,2.7777746913614543,1.8888867901257889,1.4444428395079563,13.952662309092833,6.071005737544209,2.6627218147123726,0.4433961845852656,0.5555552469137517,0.771428351020471,243,26.999970000033333,37.55551382720686,0.9999988888901234,1.1904761904761905,2.2222197530891634,0
moisead01w,8,PHO,0,0,0.0,0.0,0.0,0.0,0.0,0.0,0.0,0.0,0.0,0.0,0.0,0,0.0,0.0,0.0,0.0,0.0,1
mooreje01w,10,IND,0,0,2.1999978000022002,1.6999983000017,0.2999997000003,0.49999950000050003,0.1999998000002,6.599999450000046,5.0999995750000355,0.8999999250000063,0.3333331944445023,0.0,0.7499990625011719,49,4.8999951000049,11.999988000012001,0.0,0.75,0.2999997000003,0
mooreta01w,4,DET,1,0,0.0,0.0,0.0,0.0,0.0,0.0,0.0,0.0,0.0,0.0,0.0,0,0.0,0.0,0.0,0.0,0.0,1
moweje01w,4,LAS,0,0,0.0,0.0,0.0,0.0,0.0,0.0,0.0,0.0,0.0,0.0,0.0,0,0.0,0.0,0.0,0.0,0.0,0
murphsh01w,9,DET,2,0,0.0,0.0,0.0,0.0,0.0,0.0,0.0,0.0,0.0,0.0,0.0,0,0.0,0.0,0.0,0.0,0.0,1
murphsh01w,10,IND,0,0,0.0,0.49999875000312505,0.24999937500156252,0.0,0.0,0.0,7.999991111120988,3.999995555560494,0.0,0.0,0.0,3,0.7499981250046875,2.2499943750140625,0.0,1.0,0.0,0
ndiayas01w,4,DET,0,0,0.49999750001249993,0.0,0.49999750001249993,0.0,0.0,5.999990000016667,0.0,5.999990000016667,0.0,0.0,0.49999750001249993,2,0.9999950000249999,2.9999850000749997,0.0,1.0,0.0,1
newtoch01w,6,SAC,0,0,5.749992812508984,1.7499978125027345,0.9999987500015626,0.24999968750039064,0.0,9.098900598961505,2.7692306170752405,1.5824174954715662,0.4285713265306365,0.49999875000312505,0.6666661111115741,70,8.749989062513672,22.74997156253555,0.9999987500015626,0.6666666666666666,1.3749982812521484,1
ngoyibe01w,3,NYL,0,0,2.666657777807407,0.9999966666777778,0.0,0.0,0.0,28.7999712000288,10.7999892000108,0.0,0.5999988000024,0.0,0.39999920000160005,11,3.666654444485185,3.333322222259259,0.0,0.0,0.3333322222259259,0
nolande01w,4,DET,0,0,15.49998062502422,3.6249954687556643,2.624996718754102,1.2499984375019533,0.24999968750039064,17.36964912958564,4.06225665127406,2.9416341267846646,0.45833328559028275,0.44680841557267753,0.9374994140628662,186,23.24997093753633,32.1249598438002,0.9999987500015626,1.5,1.624997968752539,1
nolande01w,7,DET,0,1,17.7999822000178,4.0999959000041,3.8999961000039,1.5999984000016,0.1999998000002,17.949579329143436,4.134453665701578,3.932772999081989,0.48648645361578013,0.4285712244898931,0.8333330555556482,276,27.5999724000276,35.6999643000357,0.9999990000010001,1.3928571428571428,2.6999973000027,1
nolande01w,8,DET,0,0,18.909073719023894,6.272721570253118,4.090905371904207,0.8181810743808415,0.2727270247936138,18.174756840418524,6.0291260672542215,3.932038739513623,0.4255318922589419,0.44680841557267753,0.8999997000001,334,30.363608760355675,37.45451140498963,0.9999990909099173,2.0454545454545454,1.9090891735552968,0
nolande01w,9,DET,0,0,17.55553604940439,4.555550493832785,2.8888856790159125,2.111108765434705,0.3333329629633745,16.29799380234975,4.229226239850251,2.6819483472221104,0.35897433596318357,0.34090901342976965,0.9393936547291954,247,27.444413950651168,38.7777346914059,0.9999988888901234,1.04,2.666663703706996,1
nygaava01w,4,LAS,0,0,1.5999968000064002,0.9999980000040001,0.0,0.19999960000080003,0.19999960000080003,11.999995000002084,7.499996875001303,0.0,0.5999988000024,0.9999950000249999,0.0,15,2.9999940000120002,4.7999904000192,0.0,0.0,0.19999960000080003,0
ohldeni01w,10,PHO,0,0,2.6363612396716003,2.727270247936138,0.3636360330581518,0.3636360330581518,0.2727270247936138,6.95999953600003,7.1999995200000315,0.9599999360000042,0.6363633471075695,0.0,0.19999960000080003,70,6.363630578517656,13.636351239680693,0.0,0.36363636363636365,0.9090900826453795,1
osipoir01w,7,DET,0,0,2.3333307407436217,0.9999988888901234,1.2222208641990397,0.666665925926749,0.0,6.517240817479239,2.7931032074911024,3.413792809155792,0.4736839612189678,0.0,0.4285708163274053,47,5.222216419759534,12.888874567917147,0.0,0.7857142857142857,1.4444428395079563,1
paliesa01w,7,DET,0,0,0.0,0.0,0.0,0.0,0.0,0.0,0.0,0.0,0.0,0.0,0.0,0,0.0,0.0,0.0,0.0,0.0,1
palmewe01w,5,CON,0,0,5.499993125008594,4.374994531256836,0.12499984375019532,0.37499953125058594,0.37499953125058594,10.153845502958621,8.076922559171631,0.2307692159763323,0.36734686380676246,0.24999979166684028,0.6249992187509766,86,10.749986562516797,19.49997562503047,0.9999987500015626,0.1111111111111111,0.9999987500015626,0
penicti01w,6,SAC,0,0,5.33332444445926,3.999993333344445,5.166658055569908,0.9999983333361112,0.16666638888935187,7.1111106721536625,5.3333330041152465,6.88888846364886,0.3225805411030513,0.0,0.7999994666670223,94,15.666640555599075,26.999955000075,0.9999983333361112,2.066666666666667,2.3333294444509263,1
penicti01w,7,SAC,0,0,4.999994444450618,2.3333307407436217,3.7777735802515777,1.2222208641990397,0.0,7.605633445744909,3.549295608014291,5.746478603451709,0.29411758938870797,0.2857140816327988,0.6470584429067983,111,12.333319629644857,23.66664037039959,0.9999988888901234,2.8333333333333335,1.2222208641990397,0
phillta01w,1,NYL,0,0,16.2856910204414,7.571417755117493,1.142855510206414,1.7142832653096212,0.8571416326548106,18.486485653761907,8.594594207450712,1.2972972388604846,0.5052631047091468,0.0,0.7826083553876716,193,27.57138918372974,31.71424040822799,0.9999985714306123,0.47058823529411764,2.285711020412828,0
phillta01w,3,NYL,0,0,14.374982031272461,5.87499265625918,1.2499984375019533,1.124998593751758,0.4999993750007813,16.626505356365247,6.7951804499927535,1.4457830744665432,0.4945054401642373,0.0,0.7142855102041399,185,23.124971093786133,31.124961093798635,0.9999987500015626,0.5,2.374997031253711,0
pierspl01w,7,DET,0,0,8.799991200008801,5.3999946000054,1.6999983000017,0.5999994000006,0.8999991000009,16.76190387503154,10.285713741496629,3.238095066767457,0.4262294383230429,0.0,0.7058822145328991,174,17.3999826000174,18.899981100018902,0.0,1.1333333333333333,1.3999986000014,1
pierspl01w,8,DET,0,0,11.181808016538167,7.181811652898498,1.636362148761683,0.6363630578517656,1.0909080991744553,15.758006556654571,10.120996081103343,2.30604973999823,0.42201830990657707,0.49999750001249993,0.731707138608015,239,21.72725297522457,25.545431322335162,0.09090900826453795,0.6206896551724138,2.5454522314070624,0
pierspl01w,9,DET,0,0,7.833320277799538,2.9999950000083335,1.6666638888935186,0.6666655555574075,0.33333277777870374,15.813082634291343,6.056074200366897,3.3644856668704985,0.47368408587260896,0.0,0.8461531952667729,81,13.4999775000375,17.833303611160648,0.0,0.8333333333333334,1.8333302777828704,1
pondeca01w,8,PHO,0,1,23.888862345708507,4.777772469141701,5.777771358031825,1.2222208641990397,0.11111098765445816,25.79999914000003,5.159999828000006,6.239999792000007,0.4624999710937518,0.31578939058173927,0.8730157344419469,322,35.77773802473553,33.33329629633745,0.9999988888901234,2.888888888888889,1.8888867901257889,1
pondeca01w,10,PHO,0,0,18.181801652907588,3.636360330581518,3.5454513223169797,1.1818171074389934,0.0,21.176469965397946,4.235293993079589,4.129411643252599,0.4634146058893533,0.24999993055557482,0.8863634349174011,292,26.54543041324508,30.909062809942903,0.9999990909099173,2.2941176470588234,1.4545441322326071,1
powelel01w,4,DET,0,0,5.124993593758008,3.7499953125058596,4.749994062507422,0.8749989062513672,0.4999993750007813,6.739725719647227,4.931506624132118,6.246575057234016,0.34782601134217145,0.1999998000002,0.6363630578517656,120,14.999981250023438,27.374965781292776,0.9999987500015626,2.7142857142857144,1.624997968752539,1
powelel01w,7,DET,2,0,0.0,0.0,0.0,0.0,0.0,0.0,0.0,0.0,0.0,0.0,0.0,0,0.0,0.0,0.0,0.0,0.0,1
powelel01w,8,DET,0,0,0.9090900826453795,0.9999990909099173,1.0909080991744553,0.45454504132268975,0.0,3.829786826618423,4.212765509280265,4.595744191942107,0.3333329629633745,0.0,0.9999975000062501,38,3.454542314052442,8.545446776866568,0.2727270247936138,1.3333333333333333,0.7272720661163036,0
powelel01w,9,DET,0,0,3.222218641979287,2.3333307407436217,1.999997777780247,0.666665925926749,0.0,6.105262800861825,4.421052373037873,3.7894734626038913,0.5882349480970893,0.0,0.8181810743808415,74,8.222213086429905,18.999978888912345,0.9999988888901234,1.2857142857142858,1.4444428395079563,1
powelni01w,6,SAC,0,0,10.999986250017187,2.4999968750039065,1.8749976562529298,0.8749989062513672,0.12499984375019532,12.326847769383356,2.8015563112234902,2.1011672334176175,0.3846153353057262,0.47619036281181837,0.7999992000008,131,16.374979531275585,32.1249598438002,0.9999987500015626,1.1538461538461537,1.4999981250023438,1
powelni01w,7,SAC,0,0,11.777764691372566,4.555550493832785,1.5555538271624143,1.5555538271624143,0.11111098765445816,15.023621455762934,5.811023393266796,1.9842518903837838,0.5270269558071681,0.4999998529412197,0.8461531952667729,176,19.555533827184636,28.222190864232374,0.9999988888901234,1.0,1.4444428395079563,0
pridely01w,4,LAS,2,0,0.8333319444467593,1.4999975000041668,0.16666638888935187,0.33333277777870374,0.16666638888935187,4.999998611111496,8.999997500000694,0.9999997222222994,0.33333277777870374,0.0,0.9999900000999989,18,2.9999950000083335,5.999990000016667,0.0,0.25,0.4999991666680556,0
quiglal01w,10,PHO,0,0,0.0,0.0,0.0,0.0,0.0,0.0,0.0,0.0,0.0,0.0,0.0,0,0.0,0.0,0.0,0.0,0.0,1
rileyru01w,4,DET,0,1,12.874983906270117,6.124992343759571,2.4999968750039065,0.6249992187509766,2.4999968750039065,14.372092466197968,6.83720903731748,2.7906975662520326,0.38679241634033806,0.0,0.8076919970415396,197,24.62496921878848,32.249959687550394,0.9999987500015626,1.4285714285714286,1.624997968752539,1
rileyru01w,7,DET,0,0,4.3999956000044005,3.1999968000032,0.49999950000050003,0.49999950000050003,1.2999987000013,7.039999687111124,5.119999772444455,0.799999964444446,0.38461531065090176,0.0,0.9999975000062501,99,9.8999901000099,22.4999775000225,0.9999990000010001,0.3125,1.4999985000015001,1
rileyru01w,9,SAS,0,0,1.999997777780247,2.111108765434705,1.1111098765445817,0.44444395061783265,0.8888879012356653,4.207791934558966,4.441558153145574,2.3376621858660918,0.2121211478420764,0.11111098765445816,0.7499981250046875,59,6.5555482716130316,17.111092098786557,0.11111098765445816,0.7142857142857143,1.4444428395079563,0
rizzoje01w,1,HOU,0,0,0.0,0.0,0.0,0.0,0.0,0.0,0.0,0.0,0.0,0.0,0.0,0,0.0,2.9999700002999967,0.0,0.0,0.0,1
robincr01w,1,NYL,0,0,6.5714191836868805,2.8571387755160353,0.7142846938790088,1.2857124489822158,0.14285693877580175,11.039999264000048,4.799999680000021,1.1999999200000053,0.41025630506248584,0.4736839612189678,0.9999980000040001,81,11.571412040839942,21.428540816370262,0.0,0.45454545454545453,1.4285693877580177,0
robincr01w,3,NYL,0,0,8.374989531263086,2.9999962500046875,1.7499978125027345,0.9999987500015626,0.24999968750039064,9.312740953176027,3.33590720710783,1.945945870812901,0.35384609940829237,0.30769222879686436,0.9999988888901234,115,14.374982031272461,32.37495953130059,0.9999987500015626,2.3333333333333335,0.6249992187509766,0
rossad01w,9,SAS,0,0,0.0,0.0,0.49999750001249993,0.0,0.0,0.0,0.0,11.999960000133333,0.0,0.0,0.0,1,0.49999750001249993,1.4999925000374998,0.0,1.0,0.0,0
salesny01w,5,CON,0,0,14.749981562523047,5.374993281258399,1.3749982812521484,3.124996093754883,0.7499990625011719,16.338460910059197,5.95384592485208,1.5230768644970438,0.4313725067281856,0.51724120095131,0.6818178719009673,203,25.37496828128965,32.499959375050786,0.9999987500015626,0.5238095238095238,2.4999968750039065,0
salesny01w,6,CON,0,0,14.374982031272461,3.9999950000062503,2.374997031253711,1.9999975000031252,0.9999987500015626,15.333332765432122,4.266666508641982,2.5333332395061765,0.3663365973924161,0.4210525207756524,0.8064513527576281,190,23.749970312537112,33.749957812552736,0.9999987500015626,1.1176470588235294,1.9999975000031252,0
samsh01w,5,SEA,0,0,7.374990781261523,5.499993125008594,3.499995625005469,1.2499984375019533,0.0,8.56451578368888,6.387096516649334,4.064515965140485,0.3289473251385098,0.24999979166684028,0.666665925926749,141,17.62497796877754,30.99996125004844,0.9999987500015626,1.0769230769230769,3.124996093754883,1
samsh01w,9,DET,0,0,0.9999983333361112,0.4999991666680556,0.0,0.16666638888935187,0.0,7.1999976000008,3.5999988000004,0.0,0.2857138775516035,0.0,0.9999950000249999,10,1.6666638888935186,4.999991666680556,0.0,0.0,0.0,1
sandeam01w,8,DET,0,0,0.0,0.0,0.0,0.0,0.0,0.0,0.0,0.0,0.0,0.0,0.0,0,0.0,0.0,0.0,0.0,0.0,0
sanniol01w,9,DET,0,0,1.7777758024713306,1.7777758024713306,0.3333329629633745,0.3333329629633745,0.0,8.727271404958879,8.727271404958879,1.6363633884297895,0.4374997265626709,0.0,0.49999875000312505,38,4.22221753086941,7.333325185194239,0.0,0.6,0.44444395061783265,1
schumke01w,8,PHO,0,0,1.2222208641990397,3.222218641979287,0.3333329629633745,0.44444395061783265,0.8888879012356653,3.35593191898882,8.847456877334164,0.9152541597242237,0.16129027055152564,0.0,0.49999750001249993,55,6.111104320995199,13.111096543226063,0.0,0.5,0.5555549382722909,1
schumke01w,9,DET,0,0,1.7499978125027345,2.9999962500046875,0.37499953125058594,0.12499984375019532,0.37499953125058594,5.305262599446042,9.094735884764642,1.1368419855955803,0.4374997265626709,0.0,0.0,45,5.624992968758789,11.874985156268556,0.0,0.75,0.37499953125058594,1
scottol01w,6,SAC,0,0,1.2857124489822158,0.9999985714306123,0.7142846938790088,0.0,0.14285693877580175,8.52631354570696,6.6315772022165245,4.736840858726089,0.4999993750007813,0.0,0.49999750001249993,22,3.1428526530676386,5.4285636734804665,0.0,1.25,0.4285708163274053,1
scottol01w,8,PHO,0,0,0.0,0.0,0.0,0.0,0.0,0.0,0.0,0.0,0.0,0.0,0.0,0,0.0,1.9999800001999979,0.0,0.0,0.0,1
shakiel01w,1,HOU,0,0,0.0,0.0,0.0,0.0,0.0,0.0,0.0,0.0,0.0,0.0,0.0,0,0.0,0.0,0.0,0.0,0.0,1
shielas01w,9,DET,2,0,0.6666644444518518,0.0,0.3333322222259259,0.3333322222259259,0.0,17.9999550001125,0.0,8.99997750005625,0.19999960000080003,0.0,0.0,4,1.3333288889037036,1.3333288889037036,0.0,1.0,0.0,1
smithbr01w,10,PHO,0,0,3.9999600003999958,0.0,0.0,0.9999900000999989,0.0,23.999960000066668,0.0,0.0,0.9999950000249999,0.0,0.0,5,4.999950000499995,5.999940000599993,0.0,0.0,0.0,1
smithch02w,2,CHA,0,0,5.87499265625918,3.9999950000062503,1.7499978125027345,0.7499990625011719,0.9999987500015626,7.5535710913584335,5.142856913265316,2.249999899553576,0.2962962414266219,0.24999987500006252,0.9090900826453795,107,13.374983281270898,27.99996500004375,0.9999987500015626,1.75,0.8749989062513672,0
smithka01w,7,DET,0,0,14.699985300014701,2.4999975000025,3.9999960000040002,0.49999950000050003,0.0,14.264150558917777,2.4258759453941794,3.8814015126306876,0.435897398641248,0.399999920000016,0.7352939013841466,217,21.6999783000217,37.0999629000371,0.9999990000010001,1.6,2.3999976000024,1
smithka01w,8,DET,0,0,12.181807107448085,3.181815289258828,3.636360330581518,0.7272720661163036,0.1818180165290759,12.27480884796924,3.2061067886486825,3.6641220441699227,0.34090906508264657,0.34246570651154706,0.7599996960001216,219,19.90907280993381,35.727240247963415,0.9999990909099173,1.5384615384615385,2.2727252066134485,0
smithka01w,9,DET,0,1,15.333316296315227,3.999995555560494,2.4444417283980795,0.44444395061783265,0.11111098765445816,16.077669382599698,4.194174621547747,2.5631067131680676,0.4102563751917628,0.3541665928819598,0.7575755280074157,201,22.33330851854609,34.33329518522758,0.9999988888901234,1.2941176470588236,1.7777758024713306,1
smithki01w,7,SAC,0,0,0.7999984000032001,0.39999920000160005,0.0,0.0,0.0,13.090897190093465,6.545448595046732,0.0,0.49999750001249993,0.49999750001249993,0.49999750001249993,6,1.1999976000048,2.1999956000088003,0.0,0.0,0.39999920000160005,0
smithta01w,8,PHO,0,0,11.666653703718108,7.777769135812072,1.6666648148168726,0.9999988888901234,1.7777758024713306,13.216782754657947,8.811188503105297,1.8881118220939925,0.40659336191281736,0.4838708116545769,0.7999996000002,215,23.888862345708507,31.777742469175035,0.9999988888901234,1.0714285714285714,1.4444428395079563,1
smithta01w,10,PHO,0,0,9.909081900834636,5.818176528930429,0.8181810743808415,1.363635123968069,0.8181810743808415,13.53103401617124,7.944827312247335,1.1172413407847814,0.5263157202216158,0.5263156509695655,0.7499993750005208,206,18.727255702494816,26.363612396716004,0.9999990909099173,1.125,0.6363630578517656,1
smithty01w,8,DET,0,0,0.0,0.0,0.0,0.0,0.0,0.0,0.0,0.0,0.0,0.0,0.0,0,0.0,0.0,0.0,0.0,0.0,0
smithwa01w,9,DET,0,0,0.0,0.0,0.0,0.0,0.0,0.0,0.0,0.0,0.0,0.0,0.0,0,0.0,0.0,0.0,0.0,0.0,1
snellbe01w,8,PHO,0,0,1.624997968752539,1.124998593751758,0.8749989062513672,0.12499984375019532,0.0,8.999998269231101,6.230768032544609,4.846152914201363,0.17391296786392701,0.2222220987655007,0.49999750001249993,30,3.7499953125058596,6.499991875010156,0.0,2.3333333333333335,0.24999968750039064,1
staleda01w,2,CHA,0,0,11.74998531251836,2.249997187503516,4.374994531256836,1.124998593751758,0.24999968750039064,11.242524543437723,2.152823848743394,4.186046372556599,0.41558436161242057,0.49999980769238167,0.8095234240364647,158,19.74997531253086,37.62495296880879,0.9999987500015626,1.0,4.249994687506641,0
stinsan01w,2,CHA,0,0,11.99998500001875,6.124992343759571,3.249995937505078,1.624997968752539,0.24999968750039064,12.431654229077187,6.3453235127581475,3.366906353708405,0.3894736432133007,0.38461508875762407,0.8095234240364647,186,23.24997093753633,34.749956562554296,0.9999987500015626,1.368421052631579,2.249997187503516,0
summela01w,6,CON,0,0,0.0,0.0,0.0,0.0,0.0,0.0,0.0,0.0,0.0,0.0,0.0,0,0.0,0.9999950000249999,0.0,0.0,0.0,0
suttota01w,2,CHA,0,0,7.499990625011719,3.249995937505078,0.4999993750007813,0.12499984375019532,1.3749982812521484,12.934130962028085,5.604790083545504,0.8622753974685391,0.5434781427221429,0.0,0.7142852040819971,102,12.749984062519923,20.87497390628262,0.9999987500015626,0.4444444444444444,0.9999987500015626,0
suttota01w,10,IND,0,0,14.2999857000143,5.5999944000056,0.49999950000050003,0.8999991000009,1.3999986000014,16.553054130126878,6.48231490410563,0.5787781164380027,0.5283018369526569,0.0,0.6888887358025031,227,22.699977300022702,31.0999689000311,0.9999990000010001,0.16129032258064516,2.9999970000030003,0
swanike01w,10,PHO,0,0,2.2222197530891634,0.9999988888901234,1.4444428395079563,0.22222197530891633,0.0,7.912087042627797,3.5604391691825086,5.142856577708068,0.29629618655696793,0.3636360330581518,0.0,44,4.888883456796159,10.111099876555693,0.0,1.625,0.7777769135812072,1
swoopsh01w,1,HOU,0,0,18.83330194449676,5.666657222237963,3.1666613888976856,2.8333286111189815,0.0,18.49090825041326,5.563636110743813,3.1090907677686013,0.47126431364778004,0.4705879584776715,0.7931031747920088,183,30.499949166751392,36.66660555565741,0.9999983333361112,1.4615384615384615,1.9999966666722224,1
tauradi01w,8,PHO,0,0,19.88886679014801,4.333328518523868,2.9999966666703703,1.4444428395079563,0.7777769135812072,21.551838744085664,4.695652016867825,3.2508360116777255,0.5039369681939395,0.39024385484831037,0.7307689497042501,265,29.444411728431415,33.222185308682995,0.9999988888901234,1.4210526315789473,1.999997777780247,1
tauradi01w,10,PHO,0,1,22.272707024811798,5.909085537194966,3.8181783471105937,0.7272720661163036,1.2727261157035312,24.364640210921543,6.464088219224083,4.176795464729407,0.4505494257939876,0.3647058394463718,0.8928569834183958,374,33.99996909093719,32.909060991762736,0.9999990909099173,1.2352941176470589,2.999997272729752,1
taylope01w,8,PHO,0,0,19.33331185187572,7.88888012346653,3.7777735802515777,1.7777758024713306,1.1111098765445817,20.141478452042495,8.218649253419638,3.9356911917784188,0.46428567283163635,0.3999998000001,0.9117645717993277,305,33.88885123460974,34.55551716053649,0.9999988888901234,1.3076923076923077,2.7777746913614543,1
taylope01w,10,PHO,0,0,14.272714297532458,3.454542314052442,3.363633305787904,0.3636360330581518,0.1818180165290759,21.328301081950904,5.162263956140983,5.026414904663588,0.5268816637761652,0.4838708116545769,0.8627449288735433,238,21.63634396696003,24.090887190102556,0.0,2.8461538461538463,1.0909080991744553,1
teaslni01w,3,LAS,0,0,8.16665305557824,2.1666630555615742,7.833320277799538,1.4999975000041668,0.16666638888935187,9.586956000708913,2.5434781226370586,9.195651674149365,0.33333325396827285,0.2272726239669891,0.8421048199448317,119,19.833300277832873,30.666615555640742,0.9999983333361112,2.0434782608695654,3.6666605555657408,1
teaslni01w,4,LAS,0,0,7.777769135812072,4.444439506178327,7.88888012346653,1.333331851853498,0.0,8.076922818047347,4.615384467455627,8.192307429733736,0.32835815994654327,0.22222217283951712,0.7999996000002,193,21.444420617310428,34.666628148190945,0.9999988888901234,2.5357142857142856,2.9999966666703703,0
thomala01w,9,DET,1,0,0.0,0.0,0.0,0.0,0.0,0.0,0.0,0.0,0.0,0.0,0.0,0,0.0,0.0,0.0,0.0,0.0,1
thomast01w,4,DET,2,0,0.0,0.7499981250046875,0.0,0.24999937500156252,0.0,0.0,8.30768591716468,0.0,0.0,0.0,0.0,4,0.9999975000062501,3.2499918750203127,0.0,0.0,0.24999937500156252,1
thompal01w,5,SEA,0,0,4.874993906257617,1.8749976562529298,0.7499990625011719,0.24999968750039064,0.12499984375019532,16.91566061257101,6.5060233125273115,2.6024093250109246,0.45454531680444943,0.49999958333368055,0.9999966666777778,63,7.874990156262305,10.374987031266212,0.0,0.75,0.8749989062513672,1
thompti01w,1,HOU,0,0,12.666645555590742,7.99998666668889,1.6666638888935186,0.8333319444467593,0.8333319444467593,11.742488766416791,7.416308694579026,1.5450643113706304,0.40322574141520295,0.3913041776938358,0.9444439197533779,144,23.999960000066668,38.83326861121898,0.9999983333361112,0.9090909090909091,1.6666638888935186,1
tilliic01w,8,DET,2,0,0.0,0.0,0.0,0.0,0.0,0.0,0.0,0.0,0.0,0.0,0.0,0,0.0,0.0,0.0,0.0,0.0,0
ujhelpe01w,4,DET,0,0,0.0,0.0,0.0,0.0,0.0,0.0,0.0,0.0,0.0,0.0,0.0,0,0.0,0.0,0.0,0.0,0.0,1
valdeam01w,1,HOU,0,0,2.9999900000333333,1.3333288889037036,0.0,0.3333322222259259,0.0,20.24998734375791,8.999994375003515,0.0,0.39999920000160005,0.3333322222259259,0.9999975000062501,14,4.666651111162962,5.333315555614814,0.0,0.0,0.0,1
vodicka01w,5,SEA,0,0,6.124992343759571,3.7499953125058596,0.7499990625011719,0.8749989062513672,0.8749989062513672,8.647058399654,5.294117387543266,1.058823477508653,0.4042552331371844,0.0,0.611110771605127,99,12.374984531269336,25.499968125039846,0.9999987500015626,0.42857142857142855,1.624997968752539,1
walkeay01w,4,DET,0,0,1.2499968750078125,1.499996250009375,0.0,0.9999975000062501,0.24999937500156252,7.499996875001303,8.999996250001562,0.0,0.19999960000080003,0.0,0.9999966666777778,16,3.9999900000250004,5.9999850000375,0.0,0.0,0.24999937500156252,1
walkeay01w,8,DET,0,0,1.1999976000048,0.9999980000040001,0.19999960000080003,0.0,0.0,23.999973333362963,19.99997777780247,3.999995555560494,0.6666644444518518,0.0,0.6666644444518518,12,2.3999952000096,1.7999964000072002,0.0,1.0,0.0,0
walkede01w,6,SAC,0,0,10.166649722250463,2.9999950000083335,3.499994166676389,0.4999991666680556,0.0,13.309090102479388,3.9272724892562128,4.581817904132248,0.4999999038461723,0.0,0.7499993750005208,103,17.16663805560324,27.499954166743056,0.0,1.1666666666666667,2.8333286111189815,1
walkede01w,7,SAC,0,0,10.555543827173526,4.1111065432149525,2.5555527160525378,0.666665925926749,0.5555549382722909,15.545453838843006,6.054545179338855,3.7636361925619912,0.4408601676494443,0.0,0.5652171455577628,166,18.444423950640054,24.444417283980798,0.9999988888901234,1.0952380952380953,2.2222197530891634,0
washico01w,1,HOU,0,0,2.3333294444509263,1.8333302777828704,0.9999983333361112,0.8333319444467593,0.16666638888935187,5.478260274102144,4.304347358223113,2.347825831758062,0.3333329629633745,0.4285708163274053,0.8333319444467593,37,6.166656388906019,15.333307777820371,0.0,0.6666666666666666,1.333331111114815,1
wautean01w,9,SAS,0,0,13.444429506189438,5.777771358031825,1.5555538271624143,0.666665925926749,1.333331851853498,14.519999516000018,6.239999792000007,1.679999944000002,0.4444444032921849,0.08333326388894677,0.8888885596709039,205,22.777752469163925,33.33329629633745,0.9999988888901234,0.7777777777777778,1.8888867901257889,0
weathte01w,1,NYL,0,0,4.571422040825656,2.7142818367402333,6.999990000014286,2.7142818367402333,0.0,4.553359503819782,2.703557205392996,6.972331740224042,0.35294107266439034,0.19999960000080003,0.6363630578517656,119,16.99997571432041,36.142805510277846,0.9999985714306123,2.3333333333333335,2.8571387755160353,0
weathte01w,3,NYL,0,0,6.624991718760352,4.374994531256836,6.624991718760352,0.9999987500015626,0.0,7.917012119626053,5.22821555069645,7.917012119626053,0.4749998812500297,0.0,0.8333328703706276,149,18.624976718779102,30.124962343797073,0.9999987500015626,3.533333333333333,1.7499978125027345,0
whaleli01w,5,CON,0,0,13.374983281270898,2.249997187503516,5.124993593758008,1.3749982812521484,0.37499953125058594,15.105881760553656,2.54117637093426,5.788235067128037,0.4615383905325553,0.3636360330581518,0.8113206016376223,180,22.499971875035158,31.874960156299807,0.9999987500015626,2.2777777777777777,2.1249973437533205,0
whaleli01w,6,CON,0,0,11.142841224512537,3.4285665306192423,3.2857095918434402,0.8571416326548106,0.14285693877580175,12.7636357834711,3.927272548760339,3.7636361925619912,0.3333332748538114,0.19999986666675557,0.7708331727430889,132,18.85711591840583,31.428526530676386,0.9999985714306123,1.0952380952380953,2.8571387755160353,0
whiteer01w,10,IND,0,0,0.0,0.0,0.0,0.0,0.0,0.0,0.0,0.0,0.0,0.0,0.0,0,0.0,0.0,0.0,0.0,0.0,0
whitmta01w,1,NYL,0,0,11.571412040839942,3.8571373469466472,0.8571416326548106,0.4285708163274053,1.2857124489822158,14.877550261349477,4.959183420449825,1.102040760099961,0.47692300355030715,0.49999750001249993,0.7499996875001302,126,17.999974285751023,27.999960000057143,0.9999985714306123,0.375,2.1428540816370263,0
whitmta01w,3,NYL,0,0,16.124979843775197,4.499994375007032,1.2499984375019533,0.37499953125058594,0.4999993750007813,17.136530732969348,4.782287646410051,1.3284132351139029,0.5483870378078454,0.3333322222259259,0.7027025127831046,182,22.74997156253555,33.87495765630293,0.9999987500015626,1.0,1.124998593751758,0
whittkh01w,10,IND,0,0,0.0,0.0,0.0,0.0,0.0,0.0,0.0,0.0,0.0,0.0,0.0,0,0.0,0.0,0.0,0.0,0.0,0
wickssu01w,1,NYL,0,0,3.2857095918434402,3.8571373469466472,0.4285708163274053,0.9999985714306123,1.2857124489822158,6.320610204533572,7.4198467618437585,0.8244274179826397,0.3461537130178027,0.9999900000999989,0.9999975000062501,69,9.857128775530322,18.71425897963003,0.0,0.5,0.7142846938790088,0
wickssu01w,3,NYL,0,0,2.624996718754102,1.4999981250023438,0.24999968750039064,0.12499984375019532,0.4999993750007813,7.874999179687585,4.499999531250048,0.7499999218750081,0.49999964285739795,0.9999900000999989,0.8571416326548106,40,4.999993750007813,11.99998500001875,0.0,0.2857142857142857,0.7499990625011719,0
wilkibr01w,7,SAC,0,0,0.0,0.0,0.0,0.0,0.0,0.0,0.0,0.0,0.0,0.0,0.0,0,0.0,0.0,0.0,0.0,0.0,0
wilkibr01w,9,SAS,0,0,0.0,0.0,0.0,0.9999950000249999,0.0,0.0,0.0,0.0,0.0,0.0,0.0,2,0.9999950000249999,1.9999900000499997,0.0,0.0,0.0,0
willian01w,7,DET,0,0,1.6666638888935186,0.6666655555574075,0.0,0.33333277777870374,0.16666638888935187,14.399994240002304,5.759997696000921,0.0,0.4166663194447338,0.0,0.0,17,2.8333286111189815,4.166659722233796,0.0,0.0,0.33333277777870374,1
willile01w,5,CON,0,0,2.1249973437533205,2.374997031253711,0.12499984375019532,0.0,0.12499984375019532,10.199998300000283,11.399998100000316,0.5999999000000166,0.3888886728396262,0.0,0.7499981250046875,38,4.749994062507422,7.499990625011719,0.0,0.25,0.37499953125058594,0
willile01w,6,CON,0,0,0.6666644444518518,0.3333322222259259,0.0,0.0,0.3333322222259259,7.1999928000072,3.5999964000036,0.0,0.0,0.0,0.9999950000249999,4,1.3333288889037036,3.333322222259259,0.0,0.0,0.3333322222259259,0
willile01w,10,PHO,0,0,8.181810743808414,4.363632396697821,0.9090900826453795,0.3636360330581518,0.45454504132268975,12.755905009610037,6.803149338458688,1.41732277884556,0.5384614556213145,0.0,0.8333329861112558,157,14.272714297532458,23.09088809919264,0.9999990909099173,0.6666666666666666,1.2727261157035312,1
willish01w,4,LAS,0,0,0.0,0.0,0.0,0.0,0.0,0.0,0.0,0.0,0.0,0.0,0.0,0,0.0,3.2499918750203127,0.0,0.0,0.0,0
williwe01w,2,LAS,0,0,0.0,0.24999937500156252,0.24999937500156252,0.0,0.0,0.0,3.999995555560494,3.999995555560494,0.0,0.0,0.0,2,0.49999875000312505,2.2499943750140625,0.0,0.5,0.24999937500156252,1
wirthch01w,10,IND,0,0,1.1999976000048,0.5999988000024,0.39999920000160005,0.0,0.0,7.999997037038135,3.9999985185190674,2.6666656790127115,0.4285708163274053,0.0,0.0,11,2.1999956000088003,5.399989200021601,0.0,0.6666666666666666,0.39999920000160005,0
witheso01w,3,LAS,0,0,2.9999950000083335,0.8333319444467593,0.33333277777870374,0.16666638888935187,0.0,16.615380355030677,4.615383431952965,1.8461533727811863,0.35714260204099857,0.3636360330581518,0.9999975000062501,26,4.3333261111231485,6.499989166684722,0.0,1.0,0.16666638888935187,1
witheso01w,4,LAS,0,0,0.9999980000040001,0.39999920000160005,0.0,0.19999960000080003,0.0,12.857133673475948,5.142853469390379,0.0,0.19999960000080003,0.0,0.7499981250046875,8,1.5999968000064002,2.7999944000112,0.0,0.0,0.39999920000160005,0
wyckobr01w,6,CON,0,0,2.249997187503516,1.8749976562529298,0.37499953125058594,0.12499984375019532,0.24999968750039064,5.944953583031781,4.9541279858598175,0.9908255971719635,0.4166663194447338,0.3999996000004,0.6666655555574075,39,4.874993906257617,13.62498296877129,0.0,0.5,0.6249992187509766,0
youngso01w,9,SAS,0,0,17.666647037058848,5.888882345686283,1.6666648148168726,1.5555538271624143,0.11111098765445816,17.61230715039055,5.870769050130184,1.6615384104142028,0.4559999635200029,0.0,0.7499998750000207,242,26.888859012378877,36.1110709876989,0.9999988888901234,0.75,2.111108765434705,0
